0 verbose cli C:\Program Files\nodejs\node.exe C:\Program Files\nodejs\node_modules\npm\bin\npm-cli.js
1 info using npm@11.6.2
2 info using node@v24.13.0
3 silly config load:file:C:\Program Files\nodejs\node_modules\npm\npmrc
4 silly config load:file:C:\Users\Admin\Project-Coder\e-stimate\.npmrc
5 silly config load:file:C:\Users\Admin\.npmrc
6 silly config load:file:C:\Users\Admin\AppData\Roaming\npm\etc\npmrc
7 verbose title npm install
8 verbose argv "install"
9 verbose logfile logs-max:10 dir:c:\Users\Admin\Project-Coder\e-stimate\.npm-cache\_logs\2026-02-27T14_25_48_640Z-
10 verbose logfile c:\Users\Admin\Project-Coder\e-stimate\.npm-cache\_logs\2026-02-27T14_25_48_640Z-debug-0.log
11 silly logfile done cleaning log files
12 silly packumentCache heap:4496293888 maxSize:1124073472 maxEntrySize:562036736
13 silly idealTree buildDeps
14 silly fetch manifest @tailwindcss/forms@^0.5.2
15 silly packumentCache full:https://registry.npmjs.org/@tailwindcss%2fforms cache-miss
16 http fetch GET 200 https://registry.npmjs.org/npm 316ms
17 http fetch GET 200 https://registry.npmjs.org/@tailwindcss%2fforms 800ms (cache miss)
18 silly packumentCache full:https://registry.npmjs.org/@tailwindcss%2fforms set size:undefined disposed:false
19 silly fetch manifest tailwindcss@^3.1.0
20 silly packumentCache full:https://registry.npmjs.org/tailwindcss cache-miss
21 http fetch GET 200 https://registry.npmjs.org/tailwindcss 160ms (cache miss)
22 silly packumentCache full:https://registry.npmjs.org/tailwindcss set size:undefined disposed:false
23 silly fetch manifest alpinejs@^3.4.2
24 silly packumentCache full:https://registry.npmjs.org/alpinejs cache-miss
25 http fetch GET 200 https://registry.npmjs.org/alpinejs 103ms (cache miss)
26 silly packumentCache full:https://registry.npmjs.org/alpinejs set size:undefined disposed:false
27 silly fetch manifest autoprefixer@^10.4.2
28 silly packumentCache full:https://registry.npmjs.org/autoprefixer cache-miss
29 http fetch GET 200 https://registry.npmjs.org/autoprefixer 70ms (cache miss)
30 silly packumentCache full:https://registry.npmjs.org/autoprefixer set size:undefined disposed:false
31 silly fetch manifest postcss@^8.4.31
32 silly packumentCache full:https://registry.npmjs.org/postcss cache-miss
33 http fetch GET 200 https://registry.npmjs.org/postcss 95ms (cache miss)
34 silly packumentCache full:https://registry.npmjs.org/postcss set size:undefined disposed:false
35 silly fetch manifest axios@^1.6.4
36 silly packumentCache full:https://registry.npmjs.org/axios cache-miss
37 http fetch GET 200 https://registry.npmjs.org/axios 71ms (cache miss)
38 silly packumentCache full:https://registry.npmjs.org/axios set size:undefined disposed:false
39 silly fetch manifest laravel-vite-plugin@^1.0
40 silly packumentCache full:https://registry.npmjs.org/laravel-vite-plugin cache-miss
41 http fetch GET 200 https://registry.npmjs.org/laravel-vite-plugin 260ms (cache miss)
42 silly packumentCache full:https://registry.npmjs.org/laravel-vite-plugin set size:undefined disposed:false
43 silly fetch manifest vite@^5.0
44 silly packumentCache full:https://registry.npmjs.org/vite cache-miss
45 http fetch GET 200 https://registry.npmjs.org/vite 894ms (cache miss)
46 silly packumentCache full:https://registry.npmjs.org/vite set size:undefined disposed:false
47 silly fetch manifest @types/node@^18.0.0 || >=20.0.0
48 silly packumentCache full:https://registry.npmjs.org/@types%2fnode cache-miss
49 http fetch GET 200 https://registry.npmjs.org/@types%2fnode 186ms (cache miss)
50 silly packumentCache full:https://registry.npmjs.org/@types%2fnode set size:undefined disposed:false
51 silly fetch manifest less@*
52 silly packumentCache full:https://registry.npmjs.org/less cache-miss
53 http fetch GET 200 https://registry.npmjs.org/less 85ms (cache miss)
54 silly packumentCache full:https://registry.npmjs.org/less set size:undefined disposed:false
55 silly fetch manifest lightningcss@^1.21.0
56 silly packumentCache full:https://registry.npmjs.org/lightningcss cache-miss
57 http fetch GET 200 https://registry.npmjs.org/lightningcss 60ms (cache miss)
58 silly packumentCache full:https://registry.npmjs.org/lightningcss set size:undefined disposed:false
59 silly fetch manifest sass@*
60 silly packumentCache full:https://registry.npmjs.org/sass cache-miss
61 http fetch GET 200 https://registry.npmjs.org/sass 84ms (cache miss)
62 silly packumentCache full:https://registry.npmjs.org/sass set size:undefined disposed:false
63 silly fetch manifest sass-embedded@*
64 silly packumentCache full:https://registry.npmjs.org/sass-embedded cache-miss
65 http fetch GET 200 https://registry.npmjs.org/sass-embedded 62ms (cache miss)
66 silly packumentCache full:https://registry.npmjs.org/sass-embedded set size:undefined disposed:false
67 silly fetch manifest stylus@*
68 silly packumentCache full:https://registry.npmjs.org/stylus cache-miss
69 http fetch GET 200 https://registry.npmjs.org/stylus 68ms (cache miss)
70 silly packumentCache full:https://registry.npmjs.org/stylus set size:undefined disposed:false
71 silly fetch manifest sugarss@*
72 silly packumentCache full:https://registry.npmjs.org/sugarss cache-miss
73 http fetch GET 200 https://registry.npmjs.org/sugarss 60ms (cache miss)
74 silly packumentCache full:https://registry.npmjs.org/sugarss set size:undefined disposed:false
75 silly fetch manifest terser@^5.4.0
76 silly packumentCache full:https://registry.npmjs.org/terser cache-miss
77 http fetch GET 200 https://registry.npmjs.org/terser 67ms (cache miss)
78 silly packumentCache full:https://registry.npmjs.org/terser set size:undefined disposed:false
79 silly placeDep ROOT @tailwindcss/forms@0.5.11 OK for:  want: ^0.5.2
80 silly placeDep ROOT tailwindcss@3.4.19 OK for: @tailwindcss/forms@0.5.11 want: >=3.0.0 || >= 3.0.0-alpha.1 || >= 4.0.0-alpha.20 || >= 4.0.0-beta.1
81 silly placeDep ROOT alpinejs@3.15.8 OK for:  want: ^3.4.2
82 silly placeDep ROOT autoprefixer@10.4.27 OK for:  want: ^10.4.2
83 silly placeDep ROOT postcss@8.5.6 OK for: autoprefixer@10.4.27 want: ^8.1.0
84 silly placeDep ROOT axios@1.13.5 OK for:  want: ^1.6.4
85 silly placeDep ROOT laravel-vite-plugin@1.3.0 OK for:  want: ^1.0
86 silly placeDep ROOT vite@5.4.21 OK for: laravel-vite-plugin@1.3.0 want: ^5.0.0 || ^6.0.0
87 silly fetch manifest mini-svg-data-uri@^1.2.3
88 silly packumentCache full:https://registry.npmjs.org/mini-svg-data-uri cache-miss
89 silly fetch manifest arg@^5.0.2
90 silly packumentCache full:https://registry.npmjs.org/arg cache-miss
91 silly fetch manifest dlv@^1.1.3
92 silly packumentCache full:https://registry.npmjs.org/dlv cache-miss
93 silly fetch manifest jiti@^1.21.7
94 silly packumentCache full:https://registry.npmjs.org/jiti cache-miss
95 silly fetch manifest is-glob@^4.0.3
96 silly packumentCache full:https://registry.npmjs.org/is-glob cache-miss
97 silly fetch manifest postcss@^8.4.47
98 silly packumentCache full:https://registry.npmjs.org/postcss cache-miss
99 silly fetch manifest resolve@^1.22.8
100 silly packumentCache full:https://registry.npmjs.org/resolve cache-miss
101 silly fetch manifest sucrase@^3.35.0
102 silly packumentCache full:https://registry.npmjs.org/sucrase cache-miss
103 silly fetch manifest chokidar@^3.6.0
104 silly packumentCache full:https://registry.npmjs.org/chokidar cache-miss
105 silly fetch manifest fast-glob@^3.3.2
106 silly packumentCache full:https://registry.npmjs.org/fast-glob cache-miss
107 silly fetch manifest lilconfig@^3.1.3
108 silly packumentCache full:https://registry.npmjs.org/lilconfig cache-miss
109 silly fetch manifest didyoumean@^1.2.2
110 silly packumentCache full:https://registry.npmjs.org/didyoumean cache-miss
111 silly fetch manifest micromatch@^4.0.8
112 silly packumentCache full:https://registry.npmjs.org/micromatch cache-miss
113 silly fetch manifest picocolors@^1.1.1
114 silly packumentCache full:https://registry.npmjs.org/picocolors cache-miss
115 silly fetch manifest postcss-js@^4.0.1
116 silly packumentCache full:https://registry.npmjs.org/postcss-js cache-miss
117 http cache https://registry.npmjs.org/postcss 30ms (cache hit)
118 silly packumentCache full:https://registry.npmjs.org/postcss set size:696248 disposed:false
119 silly fetch manifest glob-parent@^6.0.2
120 silly packumentCache full:https://registry.npmjs.org/glob-parent cache-miss
121 http fetch GET 200 https://registry.npmjs.org/arg 99ms (cache miss)
122 silly packumentCache full:https://registry.npmjs.org/arg set size:undefined disposed:false
123 silly fetch manifest object-hash@^3.0.0
124 silly packumentCache full:https://registry.npmjs.org/object-hash cache-miss
125 http fetch GET 200 https://registry.npmjs.org/object-hash 62ms (cache miss)
126 silly packumentCache full:https://registry.npmjs.org/object-hash set size:undefined disposed:false
127 silly fetch manifest normalize-path@^3.0.0
128 silly packumentCache full:https://registry.npmjs.org/normalize-path cache-miss
129 http fetch GET 200 https://registry.npmjs.org/didyoumean 177ms (cache miss)
130 silly packumentCache full:https://registry.npmjs.org/didyoumean set size:undefined disposed:false
131 silly fetch manifest postcss-import@^15.1.0
132 silly packumentCache full:https://registry.npmjs.org/postcss-import cache-miss
133 http fetch GET 200 https://registry.npmjs.org/is-glob 181ms (cache miss)
134 silly packumentCache full:https://registry.npmjs.org/is-glob set size:undefined disposed:false
135 silly fetch manifest postcss-nested@^6.2.0
136 silly packumentCache full:https://registry.npmjs.org/postcss-nested cache-miss
137 http fetch GET 200 https://registry.npmjs.org/lilconfig 186ms (cache miss)
138 silly packumentCache full:https://registry.npmjs.org/lilconfig set size:undefined disposed:false
139 silly fetch manifest @alloc/quick-lru@^5.2.0
140 silly packumentCache full:https://registry.npmjs.org/@alloc%2fquick-lru cache-miss
141 http fetch GET 200 https://registry.npmjs.org/dlv 189ms (cache miss)
142 silly packumentCache full:https://registry.npmjs.org/dlv set size:undefined disposed:false
143 silly fetch manifest postcss-load-config@^4.0.2 || ^5.0 || ^6.0
144 silly packumentCache full:https://registry.npmjs.org/postcss-load-config cache-miss
145 http fetch GET 200 https://registry.npmjs.org/picocolors 190ms (cache miss)
146 silly packumentCache full:https://registry.npmjs.org/picocolors set size:undefined disposed:false
147 silly fetch manifest postcss-selector-parser@^6.1.2
148 silly packumentCache full:https://registry.npmjs.org/postcss-selector-parser cache-miss
149 http fetch GET 200 https://registry.npmjs.org/fast-glob 194ms (cache miss)
150 silly packumentCache full:https://registry.npmjs.org/fast-glob set size:undefined disposed:false
151 silly fetch manifest @vue/reactivity@~3.1.1
152 silly packumentCache full:https://registry.npmjs.org/@vue%2freactivity cache-miss
153 http fetch GET 200 https://registry.npmjs.org/resolve 199ms (cache miss)
154 silly packumentCache full:https://registry.npmjs.org/resolve set size:undefined disposed:false
155 silly fetch manifest browserslist@^4.28.1
156 silly packumentCache full:https://registry.npmjs.org/browserslist cache-miss
157 http fetch GET 200 https://registry.npmjs.org/jiti 202ms (cache miss)
158 silly packumentCache full:https://registry.npmjs.org/jiti set size:undefined disposed:false
159 silly fetch manifest caniuse-lite@^1.0.30001774
160 silly packumentCache full:https://registry.npmjs.org/caniuse-lite cache-miss
161 http fetch GET 200 https://registry.npmjs.org/chokidar 206ms (cache miss)
162 silly packumentCache full:https://registry.npmjs.org/chokidar set size:undefined disposed:false
163 silly fetch manifest fraction.js@^5.3.4
164 silly packumentCache full:https://registry.npmjs.org/fraction.js cache-miss
165 http fetch GET 200 https://registry.npmjs.org/micromatch 211ms (cache miss)
166 silly packumentCache full:https://registry.npmjs.org/micromatch set size:undefined disposed:false
167 silly fetch manifest postcss-value-parser@^4.2.0
168 silly packumentCache full:https://registry.npmjs.org/postcss-value-parser cache-miss
169 http fetch GET 200 https://registry.npmjs.org/sucrase 215ms (cache miss)
170 silly packumentCache full:https://registry.npmjs.org/sucrase set size:undefined disposed:false
171 silly fetch manifest nanoid@^3.3.11
172 silly packumentCache full:https://registry.npmjs.org/nanoid cache-miss
173 http fetch GET 200 https://registry.npmjs.org/glob-parent 195ms (cache miss)
174 silly packumentCache full:https://registry.npmjs.org/glob-parent set size:undefined disposed:false
175 silly fetch manifest source-map-js@^1.2.1
176 silly packumentCache full:https://registry.npmjs.org/source-map-js cache-miss
177 http fetch GET 200 https://registry.npmjs.org/normalize-path 73ms (cache miss)
178 silly packumentCache full:https://registry.npmjs.org/normalize-path set size:undefined disposed:false
179 silly fetch manifest form-data@^4.0.5
180 silly packumentCache full:https://registry.npmjs.org/form-data cache-miss
181 http fetch GET 200 https://registry.npmjs.org/postcss-js 237ms (cache miss)
182 silly packumentCache full:https://registry.npmjs.org/postcss-js set size:undefined disposed:false
183 silly fetch manifest proxy-from-env@^1.1.0
184 silly packumentCache full:https://registry.npmjs.org/proxy-from-env cache-miss
185 http fetch GET 200 https://registry.npmjs.org/mini-svg-data-uri 247ms (cache miss)
186 silly packumentCache full:https://registry.npmjs.org/mini-svg-data-uri set size:undefined disposed:false
187 silly fetch manifest follow-redirects@^1.15.11
188 silly packumentCache full:https://registry.npmjs.org/follow-redirects cache-miss
189 http fetch GET 200 https://registry.npmjs.org/postcss-import 68ms (cache miss)
190 silly packumentCache full:https://registry.npmjs.org/postcss-import set size:undefined disposed:false
191 silly fetch manifest picocolors@^1.0.0
192 silly packumentCache full:https://registry.npmjs.org/picocolors cache-miss
193 http cache https://registry.npmjs.org/picocolors 5ms (cache hit)
194 silly packumentCache full:https://registry.npmjs.org/picocolors set size:16648 disposed:false
195 silly fetch manifest vite-plugin-full-reload@^1.1.0
196 silly packumentCache full:https://registry.npmjs.org/vite-plugin-full-reload cache-miss
197 http fetch GET 200 https://registry.npmjs.org/postcss-selector-parser 69ms (cache miss)
198 silly packumentCache full:https://registry.npmjs.org/postcss-selector-parser set size:undefined disposed:false
199 silly fetch manifest rollup@^4.20.0
200 silly packumentCache full:https://registry.npmjs.org/rollup cache-miss
201 http fetch GET 200 https://registry.npmjs.org/postcss-load-config 80ms (cache miss)
202 silly packumentCache full:https://registry.npmjs.org/postcss-load-config set size:undefined disposed:false
203 silly fetch manifest esbuild@^0.21.3
204 silly packumentCache full:https://registry.npmjs.org/esbuild cache-miss
205 http fetch GET 200 https://registry.npmjs.org/@alloc%2fquick-lru 85ms (cache miss)
206 silly packumentCache full:https://registry.npmjs.org/@alloc%2fquick-lru set size:undefined disposed:false
207 silly fetch manifest fsevents@~2.3.3
208 silly packumentCache full:https://registry.npmjs.org/fsevents cache-miss
209 http fetch GET 200 https://registry.npmjs.org/postcss-nested 94ms (cache miss)
210 silly packumentCache full:https://registry.npmjs.org/postcss-nested set size:undefined disposed:false
211 http fetch GET 200 https://registry.npmjs.org/fraction.js 68ms (cache miss)
212 silly packumentCache full:https://registry.npmjs.org/fraction.js set size:undefined disposed:false
213 http fetch GET 200 https://registry.npmjs.org/postcss-value-parser 67ms (cache miss)
214 silly packumentCache full:https://registry.npmjs.org/postcss-value-parser set size:undefined disposed:false
215 http fetch GET 200 https://registry.npmjs.org/browserslist 96ms (cache miss)
216 silly packumentCache full:https://registry.npmjs.org/browserslist set size:undefined disposed:false
217 http fetch GET 200 https://registry.npmjs.org/nanoid 92ms (cache miss)
218 silly packumentCache full:https://registry.npmjs.org/nanoid set size:undefined disposed:false
219 http fetch GET 200 https://registry.npmjs.org/proxy-from-env 75ms (cache miss)
220 silly packumentCache full:https://registry.npmjs.org/proxy-from-env set size:undefined disposed:false
221 http fetch GET 200 https://registry.npmjs.org/source-map-js 83ms (cache miss)
222 silly packumentCache full:https://registry.npmjs.org/source-map-js set size:undefined disposed:false
223 http fetch GET 200 https://registry.npmjs.org/form-data 80ms (cache miss)
224 silly packumentCache full:https://registry.npmjs.org/form-data set size:undefined disposed:false
225 http fetch GET 200 https://registry.npmjs.org/@vue%2freactivity 124ms (cache miss)
226 silly packumentCache full:https://registry.npmjs.org/@vue%2freactivity set size:undefined disposed:false
227 http fetch GET 200 https://registry.npmjs.org/follow-redirects 78ms (cache miss)
228 silly packumentCache full:https://registry.npmjs.org/follow-redirects set size:undefined disposed:false
229 http fetch GET 200 https://registry.npmjs.org/fsevents 70ms (cache miss)
230 silly packumentCache full:https://registry.npmjs.org/fsevents set size:undefined disposed:false
231 http fetch GET 200 https://registry.npmjs.org/caniuse-lite 156ms (cache miss)
232 silly packumentCache full:https://registry.npmjs.org/caniuse-lite set size:undefined disposed:false
233 http fetch GET 200 https://registry.npmjs.org/esbuild 161ms (cache miss)
234 silly packumentCache full:https://registry.npmjs.org/esbuild set size:undefined disposed:false
235 http fetch GET 200 https://registry.npmjs.org/rollup 178ms (cache miss)
236 silly packumentCache full:https://registry.npmjs.org/rollup set size:undefined disposed:false
237 http fetch GET 200 https://registry.npmjs.org/vite-plugin-full-reload 238ms (cache miss)
238 silly packumentCache full:https://registry.npmjs.org/vite-plugin-full-reload set size:undefined disposed:false
239 silly placeDep ROOT mini-svg-data-uri@1.4.4 OK for: @tailwindcss/forms@0.5.11 want: ^1.2.3
240 silly placeDep ROOT @vue/reactivity@3.1.5 OK for: alpinejs@3.15.8 want: ~3.1.1
241 silly fetch manifest @vue/shared@3.1.5
242 silly packumentCache full:https://registry.npmjs.org/@vue%2fshared cache-miss
243 http fetch GET 200 https://registry.npmjs.org/@vue%2fshared 118ms (cache miss)
244 silly packumentCache full:https://registry.npmjs.org/@vue%2fshared set size:undefined disposed:false
245 silly placeDep ROOT @vue/shared@3.1.5 OK for: @vue/reactivity@3.1.5 want: 3.1.5
246 silly placeDep ROOT browserslist@4.28.1 OK for: autoprefixer@10.4.27 want: ^4.28.1
247 silly placeDep ROOT caniuse-lite@1.0.30001774 OK for: autoprefixer@10.4.27 want: ^1.0.30001774
248 silly placeDep ROOT fraction.js@5.3.4 OK for: autoprefixer@10.4.27 want: ^5.3.4
249 silly placeDep ROOT picocolors@1.1.1 OK for: autoprefixer@10.4.27 want: ^1.1.1
250 silly placeDep ROOT postcss-value-parser@4.2.0 OK for: autoprefixer@10.4.27 want: ^4.2.0
251 silly fetch manifest baseline-browser-mapping@^2.9.0
252 silly packumentCache full:https://registry.npmjs.org/baseline-browser-mapping cache-miss
253 silly fetch manifest caniuse-lite@^1.0.30001759
254 silly packumentCache full:https://registry.npmjs.org/caniuse-lite cache-miss
255 silly fetch manifest electron-to-chromium@^1.5.263
256 silly packumentCache full:https://registry.npmjs.org/electron-to-chromium cache-miss
257 silly fetch manifest node-releases@^2.0.27
258 silly packumentCache full:https://registry.npmjs.org/node-releases cache-miss
259 silly fetch manifest update-browserslist-db@^1.2.0
260 silly packumentCache full:https://registry.npmjs.org/update-browserslist-db cache-miss
261 http cache https://registry.npmjs.org/caniuse-lite 12ms (cache hit)
262 silly packumentCache full:https://registry.npmjs.org/caniuse-lite set size:2258713 disposed:false
263 http fetch GET 200 https://registry.npmjs.org/update-browserslist-db 72ms (cache miss)
264 silly packumentCache full:https://registry.npmjs.org/update-browserslist-db set size:undefined disposed:false
265 http fetch GET 200 https://registry.npmjs.org/node-releases 78ms (cache miss)
266 silly packumentCache full:https://registry.npmjs.org/node-releases set size:undefined disposed:false
267 http fetch GET 200 https://registry.npmjs.org/baseline-browser-mapping 81ms (cache miss)
268 silly packumentCache full:https://registry.npmjs.org/baseline-browser-mapping set size:undefined disposed:false
269 http fetch GET 200 https://registry.npmjs.org/electron-to-chromium 199ms (cache miss)
270 silly packumentCache full:https://registry.npmjs.org/electron-to-chromium set size:undefined disposed:false
271 silly placeDep ROOT follow-redirects@1.15.11 OK for: axios@1.13.5 want: ^1.15.11
272 silly placeDep ROOT form-data@4.0.5 OK for: axios@1.13.5 want: ^4.0.5
273 silly placeDep ROOT proxy-from-env@1.1.0 OK for: axios@1.13.5 want: ^1.1.0
274 silly fetch manifest asynckit@^0.4.0
275 silly packumentCache full:https://registry.npmjs.org/asynckit cache-miss
276 silly fetch manifest combined-stream@^1.0.8
277 silly packumentCache full:https://registry.npmjs.org/combined-stream cache-miss
278 silly fetch manifest es-set-tostringtag@^2.1.0
279 silly packumentCache full:https://registry.npmjs.org/es-set-tostringtag cache-miss
280 silly fetch manifest hasown@^2.0.2
281 silly packumentCache full:https://registry.npmjs.org/hasown cache-miss
282 silly fetch manifest mime-types@^2.1.12
283 silly packumentCache full:https://registry.npmjs.org/mime-types cache-miss
284 http fetch GET 200 https://registry.npmjs.org/hasown 67ms (cache miss)
285 silly packumentCache full:https://registry.npmjs.org/hasown set size:undefined disposed:false
286 http fetch GET 200 https://registry.npmjs.org/asynckit 69ms (cache miss)
287 silly packumentCache full:https://registry.npmjs.org/asynckit set size:undefined disposed:false
288 http fetch GET 200 https://registry.npmjs.org/combined-stream 69ms (cache miss)
289 silly packumentCache full:https://registry.npmjs.org/combined-stream set size:undefined disposed:false
290 http fetch GET 200 https://registry.npmjs.org/es-set-tostringtag 70ms (cache miss)
291 silly packumentCache full:https://registry.npmjs.org/es-set-tostringtag set size:undefined disposed:false
292 http fetch GET 200 https://registry.npmjs.org/mime-types 71ms (cache miss)
293 silly packumentCache full:https://registry.npmjs.org/mime-types set size:undefined disposed:false
294 silly fetch manifest browserslist@>= 4.21.0
295 silly packumentCache full:https://registry.npmjs.org/browserslist cache-miss
296 http cache https://registry.npmjs.org/browserslist 3ms (cache hit)
297 silly packumentCache full:https://registry.npmjs.org/browserslist set size:502989 disposed:false
298 silly placeDep ROOT baseline-browser-mapping@2.10.0 OK for: browserslist@4.28.1 want: ^2.9.0
299 silly placeDep ROOT electron-to-chromium@1.5.302 OK for: browserslist@4.28.1 want: ^1.5.263
300 silly placeDep ROOT node-releases@2.0.27 OK for: browserslist@4.28.1 want: ^2.0.27
301 silly placeDep ROOT update-browserslist-db@1.2.3 OK for: browserslist@4.28.1 want: ^1.2.0
302 silly fetch manifest escalade@^3.2.0
303 silly packumentCache full:https://registry.npmjs.org/escalade cache-miss
304 http fetch GET 200 https://registry.npmjs.org/escalade 60ms (cache miss)
305 silly packumentCache full:https://registry.npmjs.org/escalade set size:undefined disposed:false
306 silly placeDep ROOT asynckit@0.4.0 OK for: form-data@4.0.5 want: ^0.4.0
307 silly placeDep ROOT combined-stream@1.0.8 OK for: form-data@4.0.5 want: ^1.0.8
308 silly placeDep ROOT es-set-tostringtag@2.1.0 OK for: form-data@4.0.5 want: ^2.1.0
309 silly placeDep ROOT hasown@2.0.2 OK for: form-data@4.0.5 want: ^2.0.2
310 silly placeDep ROOT mime-types@2.1.35 OK for: form-data@4.0.5 want: ^2.1.12
311 silly fetch manifest delayed-stream@~1.0.0
312 silly packumentCache full:https://registry.npmjs.org/delayed-stream cache-miss
313 silly fetch manifest es-errors@^1.3.0
314 silly packumentCache full:https://registry.npmjs.org/es-errors cache-miss
315 silly fetch manifest get-intrinsic@^1.2.6
316 silly packumentCache full:https://registry.npmjs.org/get-intrinsic cache-miss
317 silly fetch manifest has-tostringtag@^1.0.2
318 silly packumentCache full:https://registry.npmjs.org/has-tostringtag cache-miss
319 silly fetch manifest function-bind@^1.1.2
320 silly packumentCache full:https://registry.npmjs.org/function-bind cache-miss
321 silly fetch manifest mime-db@1.52.0
322 silly packumentCache full:https://registry.npmjs.org/mime-db cache-miss
323 http fetch GET 200 https://registry.npmjs.org/delayed-stream 60ms (cache miss)
324 silly packumentCache full:https://registry.npmjs.org/delayed-stream set size:undefined disposed:false
325 http fetch GET 200 https://registry.npmjs.org/es-errors 60ms (cache miss)
326 silly packumentCache full:https://registry.npmjs.org/es-errors set size:undefined disposed:false
327 http fetch GET 200 https://registry.npmjs.org/has-tostringtag 61ms (cache miss)
328 silly packumentCache full:https://registry.npmjs.org/has-tostringtag set size:undefined disposed:false
329 http fetch GET 200 https://registry.npmjs.org/mime-db 70ms (cache miss)
330 silly packumentCache full:https://registry.npmjs.org/mime-db set size:undefined disposed:false
331 http fetch GET 200 https://registry.npmjs.org/get-intrinsic 73ms (cache miss)
332 silly packumentCache full:https://registry.npmjs.org/get-intrinsic set size:undefined disposed:false
333 http fetch GET 200 https://registry.npmjs.org/function-bind 79ms (cache miss)
334 silly packumentCache full:https://registry.npmjs.org/function-bind set size:undefined disposed:false
335 silly placeDep ROOT delayed-stream@1.0.0 OK for: combined-stream@1.0.8 want: ~1.0.0
336 silly placeDep ROOT es-errors@1.3.0 OK for: es-set-tostringtag@2.1.0 want: ^1.3.0
337 silly placeDep ROOT get-intrinsic@1.3.0 OK for: es-set-tostringtag@2.1.0 want: ^1.2.6
338 silly placeDep ROOT has-tostringtag@1.0.2 OK for: es-set-tostringtag@2.1.0 want: ^1.0.2
339 silly fetch manifest gopd@^1.2.0
340 silly packumentCache full:https://registry.npmjs.org/gopd cache-miss
341 silly fetch manifest get-proto@^1.0.1
342 silly packumentCache full:https://registry.npmjs.org/get-proto cache-miss
343 silly fetch manifest has-symbols@^1.1.0
344 silly packumentCache full:https://registry.npmjs.org/has-symbols cache-miss
345 silly fetch manifest es-object-atoms@^1.1.1
346 silly packumentCache full:https://registry.npmjs.org/es-object-atoms cache-miss
347 silly fetch manifest math-intrinsics@^1.1.0
348 silly packumentCache full:https://registry.npmjs.org/math-intrinsics cache-miss
349 silly fetch manifest es-define-property@^1.0.1
350 silly packumentCache full:https://registry.npmjs.org/es-define-property cache-miss
351 silly fetch manifest call-bind-apply-helpers@^1.0.2
352 silly packumentCache full:https://registry.npmjs.org/call-bind-apply-helpers cache-miss
353 silly fetch manifest has-symbols@^1.0.3
354 silly packumentCache full:https://registry.npmjs.org/has-symbols cache-miss
355 http fetch GET 200 https://registry.npmjs.org/es-object-atoms 65ms (cache miss)
356 silly packumentCache full:https://registry.npmjs.org/es-object-atoms set size:undefined disposed:false
357 http fetch GET 200 https://registry.npmjs.org/get-proto 66ms (cache miss)
358 silly packumentCache full:https://registry.npmjs.org/get-proto set size:undefined disposed:false
359 http fetch GET 200 https://registry.npmjs.org/math-intrinsics 66ms (cache miss)
360 silly packumentCache full:https://registry.npmjs.org/math-intrinsics set size:undefined disposed:false
361 http fetch GET 200 https://registry.npmjs.org/es-define-property 68ms (cache miss)
362 silly packumentCache full:https://registry.npmjs.org/es-define-property set size:undefined disposed:false
363 http fetch GET 200 https://registry.npmjs.org/has-symbols 69ms (cache miss)
364 silly packumentCache full:https://registry.npmjs.org/has-symbols set size:undefined disposed:false
365 http fetch GET 200 https://registry.npmjs.org/call-bind-apply-helpers 73ms (cache miss)
366 silly packumentCache full:https://registry.npmjs.org/call-bind-apply-helpers set size:undefined disposed:false
367 http fetch GET 200 https://registry.npmjs.org/gopd 75ms (cache miss)
368 silly packumentCache full:https://registry.npmjs.org/gopd set size:undefined disposed:false
369 http fetch GET 200 https://registry.npmjs.org/has-symbols 76ms (cache miss)
370 silly packumentCache full:https://registry.npmjs.org/has-symbols set size:undefined disposed:false
371 silly placeDep ROOT call-bind-apply-helpers@1.0.2 OK for: get-intrinsic@1.3.0 want: ^1.0.2
372 silly placeDep ROOT es-define-property@1.0.1 OK for: get-intrinsic@1.3.0 want: ^1.0.1
373 silly placeDep ROOT es-object-atoms@1.1.1 OK for: get-intrinsic@1.3.0 want: ^1.1.1
374 silly placeDep ROOT function-bind@1.1.2 OK for: get-intrinsic@1.3.0 want: ^1.1.2
375 silly placeDep ROOT get-proto@1.0.1 OK for: get-intrinsic@1.3.0 want: ^1.0.1
376 silly placeDep ROOT gopd@1.2.0 OK for: get-intrinsic@1.3.0 want: ^1.2.0
377 silly placeDep ROOT has-symbols@1.1.0 OK for: get-intrinsic@1.3.0 want: ^1.1.0
378 silly placeDep ROOT math-intrinsics@1.1.0 OK for: get-intrinsic@1.3.0 want: ^1.1.0
379 silly fetch manifest dunder-proto@^1.0.1
380 silly packumentCache full:https://registry.npmjs.org/dunder-proto cache-miss
381 http fetch GET 200 https://registry.npmjs.org/dunder-proto 54ms (cache miss)
382 silly packumentCache full:https://registry.npmjs.org/dunder-proto set size:undefined disposed:false
383 silly placeDep ROOT dunder-proto@1.0.1 OK for: get-proto@1.0.1 want: ^1.0.1
384 silly placeDep ROOT vite-plugin-full-reload@1.2.0 OK for: laravel-vite-plugin@1.3.0 want: ^1.1.0
385 silly fetch manifest picomatch@^2.3.1
386 silly packumentCache full:https://registry.npmjs.org/picomatch cache-miss
387 http fetch GET 200 https://registry.npmjs.org/picomatch 57ms (cache miss)
388 silly packumentCache full:https://registry.npmjs.org/picomatch set size:undefined disposed:false
389 silly placeDep ROOT mime-db@1.52.0 OK for: mime-types@2.1.35 want: 1.52.0
390 silly placeDep ROOT nanoid@3.3.11 OK for: postcss@8.5.6 want: ^3.3.11
391 silly placeDep ROOT source-map-js@1.2.1 OK for: postcss@8.5.6 want: ^1.2.1
392 silly fetch manifest tsx@^4.8.1
393 silly packumentCache full:https://registry.npmjs.org/tsx cache-miss
394 http fetch GET 200 https://registry.npmjs.org/tsx 55ms (cache miss)
395 silly packumentCache full:https://registry.npmjs.org/tsx set size:undefined disposed:false
396 silly fetch manifest yaml@^2.4.2
397 silly packumentCache full:https://registry.npmjs.org/yaml cache-miss
398 http fetch GET 200 https://registry.npmjs.org/yaml 83ms (cache miss)
399 silly packumentCache full:https://registry.npmjs.org/yaml set size:undefined disposed:false
400 silly placeDep ROOT @alloc/quick-lru@5.2.0 OK for: tailwindcss@3.4.19 want: ^5.2.0
401 silly placeDep ROOT arg@5.0.2 OK for: tailwindcss@3.4.19 want: ^5.0.2
402 silly placeDep ROOT chokidar@3.6.0 OK for: tailwindcss@3.4.19 want: ^3.6.0
403 silly placeDep ROOT didyoumean@1.2.2 OK for: tailwindcss@3.4.19 want: ^1.2.2
404 silly placeDep ROOT dlv@1.1.3 OK for: tailwindcss@3.4.19 want: ^1.1.3
405 silly placeDep ROOT fast-glob@3.3.3 OK for: tailwindcss@3.4.19 want: ^3.3.2
406 silly placeDep ROOT glob-parent@6.0.2 OK for: tailwindcss@3.4.19 want: ^6.0.2
407 silly placeDep ROOT is-glob@4.0.3 OK for: tailwindcss@3.4.19 want: ^4.0.3
408 silly placeDep ROOT jiti@1.21.7 OK for: tailwindcss@3.4.19 want: ^1.21.7
409 silly placeDep ROOT lilconfig@3.1.3 OK for: tailwindcss@3.4.19 want: ^3.1.3
410 silly placeDep ROOT micromatch@4.0.8 OK for: tailwindcss@3.4.19 want: ^4.0.8
411 silly placeDep ROOT normalize-path@3.0.0 OK for: tailwindcss@3.4.19 want: ^3.0.0
412 silly placeDep ROOT object-hash@3.0.0 OK for: tailwindcss@3.4.19 want: ^3.0.0
413 silly placeDep ROOT postcss-import@15.1.0 OK for: tailwindcss@3.4.19 want: ^15.1.0
414 silly placeDep ROOT postcss-js@4.1.0 OK for: tailwindcss@3.4.19 want: ^4.0.1
415 silly placeDep ROOT postcss-load-config@6.0.1 OK for: tailwindcss@3.4.19 want: ^4.0.2 || ^5.0 || ^6.0
416 silly placeDep ROOT postcss-nested@6.2.0 OK for: tailwindcss@3.4.19 want: ^6.2.0
417 silly placeDep ROOT postcss-selector-parser@6.1.2 OK for: tailwindcss@3.4.19 want: ^6.1.2
418 silly placeDep ROOT resolve@1.22.11 OK for: tailwindcss@3.4.19 want: ^1.22.8
419 silly placeDep ROOT sucrase@3.35.1 OK for: tailwindcss@3.4.19 want: ^3.35.0
420 silly fetch manifest braces@~3.0.2
421 silly packumentCache full:https://registry.npmjs.org/braces cache-miss
422 silly fetch manifest is-glob@~4.0.1
423 silly packumentCache full:https://registry.npmjs.org/is-glob cache-miss
424 silly fetch manifest anymatch@~3.1.2
425 silly packumentCache full:https://registry.npmjs.org/anymatch cache-miss
426 silly fetch manifest readdirp@~3.6.0
427 silly packumentCache full:https://registry.npmjs.org/readdirp cache-miss
428 silly fetch manifest glob-parent@~5.1.2
429 silly packumentCache full:https://registry.npmjs.org/glob-parent cache-miss
430 silly fetch manifest is-binary-path@~2.1.0
431 silly packumentCache full:https://registry.npmjs.org/is-binary-path cache-miss
432 silly fetch manifest normalize-path@~3.0.0
433 silly packumentCache full:https://registry.npmjs.org/normalize-path cache-miss
434 silly fetch manifest fsevents@~2.3.2
435 silly packumentCache full:https://registry.npmjs.org/fsevents cache-miss
436 silly fetch manifest @nodelib/fs.stat@^2.0.2
437 silly packumentCache full:https://registry.npmjs.org/@nodelib%2ffs.stat cache-miss
438 silly fetch manifest @nodelib/fs.walk@^1.2.3
439 silly packumentCache full:https://registry.npmjs.org/@nodelib%2ffs.walk cache-miss
440 silly fetch manifest glob-parent@^5.1.2
441 silly packumentCache full:https://registry.npmjs.org/glob-parent cache-miss
442 silly fetch manifest merge2@^1.3.0
443 silly packumentCache full:https://registry.npmjs.org/merge2 cache-miss
444 silly fetch manifest is-extglob@^2.1.1
445 silly packumentCache full:https://registry.npmjs.org/is-extglob cache-miss
446 silly fetch manifest braces@^3.0.3
447 silly packumentCache full:https://registry.npmjs.org/braces cache-miss
448 silly fetch manifest resolve@^1.1.7
449 silly packumentCache full:https://registry.npmjs.org/resolve cache-miss
450 http cache https://registry.npmjs.org/is-glob 13ms (cache hit)
451 silly packumentCache full:https://registry.npmjs.org/is-glob set size:40530 disposed:false
452 silly fetch manifest read-cache@^1.0.0
453 silly packumentCache full:https://registry.npmjs.org/read-cache cache-miss
454 http cache https://registry.npmjs.org/glob-parent 12ms (cache hit)
455 silly packumentCache full:https://registry.npmjs.org/glob-parent set size:42445 disposed:false
456 silly fetch manifest camelcase-css@^2.0.1
457 silly packumentCache full:https://registry.npmjs.org/camelcase-css cache-miss
458 http cache https://registry.npmjs.org/fsevents 15ms (cache hit)
459 silly packumentCache full:https://registry.npmjs.org/fsevents set size:182472 disposed:false
460 silly fetch manifest postcss-selector-parser@^6.1.1
461 silly packumentCache full:https://registry.npmjs.org/postcss-selector-parser cache-miss
462 http cache https://registry.npmjs.org/normalize-path 16ms (cache hit)
463 silly packumentCache full:https://registry.npmjs.org/normalize-path set size:28713 disposed:false
464 silly fetch manifest cssesc@^3.0.0
465 silly packumentCache full:https://registry.npmjs.org/cssesc cache-miss
466 http cache https://registry.npmjs.org/resolve 15ms (cache hit)
467 silly packumentCache full:https://registry.npmjs.org/resolve set size:238156 disposed:false
468 silly fetch manifest util-deprecate@^1.0.2
469 silly packumentCache full:https://registry.npmjs.org/util-deprecate cache-miss
470 http cache https://registry.npmjs.org/glob-parent 22ms (cache hit)
471 silly packumentCache full:https://registry.npmjs.org/glob-parent set size:42445 disposed:false
472 silly packumentCache full:https://registry.npmjs.org/glob-parent dispose
473 silly fetch manifest path-parse@^1.0.7
474 silly packumentCache full:https://registry.npmjs.org/path-parse cache-miss
475 http cache https://registry.npmjs.org/postcss-selector-parser 8ms (cache hit)
476 silly packumentCache full:https://registry.npmjs.org/postcss-selector-parser set size:177140 disposed:false
477 silly fetch manifest is-core-module@^2.16.1
478 silly packumentCache full:https://registry.npmjs.org/is-core-module cache-miss
479 http fetch GET 200 https://registry.npmjs.org/braces 61ms (cache miss)
480 silly packumentCache full:https://registry.npmjs.org/braces set size:undefined disposed:false
481 silly fetch manifest supports-preserve-symlinks-flag@^1.0.0
482 silly packumentCache full:https://registry.npmjs.org/supports-preserve-symlinks-flag cache-miss
483 http fetch GET 200 https://registry.npmjs.org/readdirp 66ms (cache miss)
484 silly packumentCache full:https://registry.npmjs.org/readdirp set size:undefined disposed:false
485 silly fetch manifest @jridgewell/gen-mapping@^0.3.2
486 silly packumentCache full:https://registry.npmjs.org/@jridgewell%2fgen-mapping cache-miss
487 http fetch GET 200 https://registry.npmjs.org/merge2 70ms (cache miss)
488 silly packumentCache full:https://registry.npmjs.org/merge2 set size:undefined disposed:false
489 silly fetch manifest commander@^4.0.0
490 silly packumentCache full:https://registry.npmjs.org/commander cache-miss
491 http fetch GET 200 https://registry.npmjs.org/braces 70ms (cache miss)
492 silly packumentCache full:https://registry.npmjs.org/braces set size:undefined disposed:false
493 silly fetch manifest lines-and-columns@^1.1.6
494 silly packumentCache full:https://registry.npmjs.org/lines-and-columns cache-miss
495 http fetch GET 200 https://registry.npmjs.org/camelcase-css 76ms (cache miss)
496 silly packumentCache full:https://registry.npmjs.org/camelcase-css set size:undefined disposed:false
497 silly fetch manifest mz@^2.7.0
498 silly packumentCache full:https://registry.npmjs.org/mz cache-miss
499 http fetch GET 200 https://registry.npmjs.org/util-deprecate 73ms (cache miss)
500 silly packumentCache full:https://registry.npmjs.org/util-deprecate set size:undefined disposed:false
501 silly fetch manifest pirates@^4.0.1
502 silly packumentCache full:https://registry.npmjs.org/pirates cache-miss
503 http fetch GET 200 https://registry.npmjs.org/@nodelib%2ffs.walk 94ms (cache miss)
504 silly packumentCache full:https://registry.npmjs.org/@nodelib%2ffs.walk set size:undefined disposed:false
505 silly fetch manifest tinyglobby@^0.2.11
506 silly packumentCache full:https://registry.npmjs.org/tinyglobby cache-miss
507 http fetch GET 200 https://registry.npmjs.org/path-parse 75ms (cache miss)
508 silly packumentCache full:https://registry.npmjs.org/path-parse set size:undefined disposed:false
509 silly fetch manifest ts-interface-checker@^0.1.9
510 silly packumentCache full:https://registry.npmjs.org/ts-interface-checker cache-miss
511 http fetch GET 200 https://registry.npmjs.org/is-extglob 96ms (cache miss)
512 silly packumentCache full:https://registry.npmjs.org/is-extglob set size:undefined disposed:false
513 http fetch GET 200 https://registry.npmjs.org/read-cache 86ms (cache miss)
514 silly packumentCache full:https://registry.npmjs.org/read-cache set size:undefined disposed:false
515 http fetch GET 200 https://registry.npmjs.org/anymatch 99ms (cache miss)
516 silly packumentCache full:https://registry.npmjs.org/anymatch set size:undefined disposed:false
517 http fetch GET 200 https://registry.npmjs.org/is-binary-path 100ms (cache miss)
518 silly packumentCache full:https://registry.npmjs.org/is-binary-path set size:undefined disposed:false
519 http fetch GET 200 https://registry.npmjs.org/cssesc 82ms (cache miss)
520 silly packumentCache full:https://registry.npmjs.org/cssesc set size:undefined disposed:false
521 http fetch GET 200 https://registry.npmjs.org/is-core-module 74ms (cache miss)
522 silly packumentCache full:https://registry.npmjs.org/is-core-module set size:undefined disposed:false
523 http fetch GET 200 https://registry.npmjs.org/supports-preserve-symlinks-flag 62ms (cache miss)
524 silly packumentCache full:https://registry.npmjs.org/supports-preserve-symlinks-flag set size:undefined disposed:false
525 http fetch GET 200 https://registry.npmjs.org/lines-and-columns 60ms (cache miss)
526 silly packumentCache full:https://registry.npmjs.org/lines-and-columns set size:undefined disposed:false
527 http fetch GET 200 https://registry.npmjs.org/commander 80ms (cache miss)
528 silly packumentCache full:https://registry.npmjs.org/commander set size:undefined disposed:false
529 http fetch GET 200 https://registry.npmjs.org/mz 69ms (cache miss)
530 silly packumentCache full:https://registry.npmjs.org/mz set size:undefined disposed:false
531 http fetch GET 200 https://registry.npmjs.org/ts-interface-checker 63ms (cache miss)
532 silly packumentCache full:https://registry.npmjs.org/ts-interface-checker set size:undefined disposed:false
533 http fetch GET 200 https://registry.npmjs.org/@jridgewell%2fgen-mapping 94ms (cache miss)
534 silly packumentCache full:https://registry.npmjs.org/@jridgewell%2fgen-mapping set size:undefined disposed:false
535 http fetch GET 200 https://registry.npmjs.org/tinyglobby 68ms (cache miss)
536 silly packumentCache full:https://registry.npmjs.org/tinyglobby set size:undefined disposed:false
537 http fetch GET 200 https://registry.npmjs.org/pirates 72ms (cache miss)
538 silly packumentCache full:https://registry.npmjs.org/pirates set size:undefined disposed:false
539 http fetch GET 200 https://registry.npmjs.org/@nodelib%2ffs.stat 212ms (cache miss)
540 silly packumentCache full:https://registry.npmjs.org/@nodelib%2ffs.stat set size:undefined disposed:false
541 silly placeDep ROOT anymatch@3.1.3 OK for: chokidar@3.6.0 want: ~3.1.2
542 silly placeDep ROOT braces@3.0.3 OK for: chokidar@3.6.0 want: ~3.0.2
543 silly placeDep ROOT fsevents@2.3.3 OK for: chokidar@3.6.0 want: ~2.3.2
544 silly placeDep node_modules/chokidar glob-parent@5.1.2 OK for: chokidar@3.6.0 want: ~5.1.2
545 silly placeDep ROOT is-binary-path@2.1.0 OK for: chokidar@3.6.0 want: ~2.1.0
546 silly placeDep ROOT readdirp@3.6.0 OK for: chokidar@3.6.0 want: ~3.6.0
547 silly fetch manifest picomatch@^2.0.4
548 silly packumentCache full:https://registry.npmjs.org/picomatch cache-miss
549 silly fetch manifest fill-range@^7.1.1
550 silly packumentCache full:https://registry.npmjs.org/fill-range cache-miss
551 silly fetch manifest binary-extensions@^2.0.0
552 silly packumentCache full:https://registry.npmjs.org/binary-extensions cache-miss
553 silly fetch manifest picomatch@^2.2.1
554 silly packumentCache full:https://registry.npmjs.org/picomatch cache-miss
555 http cache https://registry.npmjs.org/picomatch 5ms (cache hit)
556 silly packumentCache full:https://registry.npmjs.org/picomatch set size:118818 disposed:false
557 http cache https://registry.npmjs.org/picomatch 6ms (cache hit)
558 silly packumentCache full:https://registry.npmjs.org/picomatch set size:118818 disposed:false
559 silly packumentCache full:https://registry.npmjs.org/picomatch dispose
560 http fetch GET 200 https://registry.npmjs.org/fill-range 63ms (cache miss)
561 silly packumentCache full:https://registry.npmjs.org/fill-range set size:undefined disposed:false
562 http fetch GET 200 https://registry.npmjs.org/binary-extensions 64ms (cache miss)
563 silly packumentCache full:https://registry.npmjs.org/binary-extensions set size:undefined disposed:false
564 silly placeDep ROOT picomatch@2.3.1 OK for: anymatch@3.1.3 want: ^2.0.4
565 silly placeDep ROOT fill-range@7.1.1 OK for: braces@3.0.3 want: ^7.1.1
566 silly fetch manifest to-regex-range@^5.0.1
567 silly packumentCache full:https://registry.npmjs.org/to-regex-range cache-miss
568 http fetch GET 200 https://registry.npmjs.org/to-regex-range 61ms (cache miss)
569 silly packumentCache full:https://registry.npmjs.org/to-regex-range set size:undefined disposed:false
570 silly placeDep ROOT @nodelib/fs.stat@2.0.5 OK for: fast-glob@3.3.3 want: ^2.0.2
571 silly placeDep ROOT @nodelib/fs.walk@1.2.8 OK for: fast-glob@3.3.3 want: ^1.2.3
572 silly placeDep node_modules/fast-glob glob-parent@5.1.2 OK for: fast-glob@3.3.3 want: ^5.1.2
573 silly placeDep ROOT merge2@1.4.1 OK for: fast-glob@3.3.3 want: ^1.3.0
574 silly fetch manifest fastq@^1.6.0
575 silly packumentCache full:https://registry.npmjs.org/fastq cache-miss
576 silly fetch manifest @nodelib/fs.scandir@2.1.5
577 silly packumentCache full:https://registry.npmjs.org/@nodelib%2ffs.scandir cache-miss
578 http fetch GET 200 https://registry.npmjs.org/fastq 58ms (cache miss)
579 silly packumentCache full:https://registry.npmjs.org/fastq set size:undefined disposed:false
580 http fetch GET 200 https://registry.npmjs.org/@nodelib%2ffs.scandir 262ms (cache miss)
581 silly packumentCache full:https://registry.npmjs.org/@nodelib%2ffs.scandir set size:undefined disposed:false
582 silly placeDep ROOT @nodelib/fs.scandir@2.1.5 OK for: @nodelib/fs.walk@1.2.8 want: 2.1.5
583 silly placeDep ROOT fastq@1.20.1 OK for: @nodelib/fs.walk@1.2.8 want: ^1.6.0
584 silly fetch manifest run-parallel@^1.1.9
585 silly packumentCache full:https://registry.npmjs.org/run-parallel cache-miss
586 silly fetch manifest reusify@^1.0.4
587 silly packumentCache full:https://registry.npmjs.org/reusify cache-miss
588 http fetch GET 200 https://registry.npmjs.org/reusify 66ms (cache miss)
589 silly packumentCache full:https://registry.npmjs.org/reusify set size:undefined disposed:false
590 http fetch GET 200 https://registry.npmjs.org/run-parallel 73ms (cache miss)
591 silly packumentCache full:https://registry.npmjs.org/run-parallel set size:undefined disposed:false
592 silly placeDep ROOT run-parallel@1.2.0 OK for: @nodelib/fs.scandir@2.1.5 want: ^1.1.9
593 silly fetch manifest queue-microtask@^1.2.2
594 silly packumentCache full:https://registry.npmjs.org/queue-microtask cache-miss
595 http fetch GET 200 https://registry.npmjs.org/queue-microtask 62ms (cache miss)
596 silly packumentCache full:https://registry.npmjs.org/queue-microtask set size:undefined disposed:false
597 silly placeDep ROOT reusify@1.1.0 OK for: fastq@1.20.1 want: ^1.0.4
598 silly placeDep ROOT to-regex-range@5.0.1 OK for: fill-range@7.1.1 want: ^5.0.1
599 silly fetch manifest is-number@^7.0.0
600 silly packumentCache full:https://registry.npmjs.org/is-number cache-miss
601 http fetch GET 200 https://registry.npmjs.org/is-number 58ms (cache miss)
602 silly packumentCache full:https://registry.npmjs.org/is-number set size:undefined disposed:false
603 silly placeDep ROOT binary-extensions@2.3.0 OK for: is-binary-path@2.1.0 want: ^2.0.0
604 silly placeDep ROOT is-extglob@2.1.1 OK for: is-glob@4.0.3 want: ^2.1.1
605 silly placeDep ROOT read-cache@1.0.0 OK for: postcss-import@15.1.0 want: ^1.0.0
606 silly fetch manifest pify@^2.3.0
607 silly packumentCache full:https://registry.npmjs.org/pify cache-miss
608 http fetch GET 200 https://registry.npmjs.org/pify 60ms (cache miss)
609 silly packumentCache full:https://registry.npmjs.org/pify set size:undefined disposed:false
610 silly placeDep ROOT camelcase-css@2.0.1 OK for: postcss-js@4.1.0 want: ^2.0.1
611 silly placeDep ROOT cssesc@3.0.0 OK for: postcss-selector-parser@6.1.2 want: ^3.0.0
612 silly placeDep ROOT util-deprecate@1.0.2 OK for: postcss-selector-parser@6.1.2 want: ^1.0.2
613 silly placeDep ROOT pify@2.3.0 OK for: read-cache@1.0.0 want: ^2.3.0
614 silly placeDep ROOT is-core-module@2.16.1 OK for: resolve@1.22.11 want: ^2.16.1
615 silly placeDep ROOT path-parse@1.0.7 OK for: resolve@1.22.11 want: ^1.0.7
616 silly placeDep ROOT supports-preserve-symlinks-flag@1.0.0 OK for: resolve@1.22.11 want: ^1.0.0
617 silly placeDep ROOT queue-microtask@1.2.3 OK for: run-parallel@1.2.0 want: ^1.2.2
618 silly placeDep ROOT @jridgewell/gen-mapping@0.3.13 OK for: sucrase@3.35.1 want: ^0.3.2
619 silly placeDep ROOT commander@4.1.1 OK for: sucrase@3.35.1 want: ^4.0.0
620 silly placeDep ROOT lines-and-columns@1.2.4 OK for: sucrase@3.35.1 want: ^1.1.6
621 silly placeDep ROOT mz@2.7.0 OK for: sucrase@3.35.1 want: ^2.7.0
622 silly placeDep ROOT pirates@4.0.7 OK for: sucrase@3.35.1 want: ^4.0.1
623 silly placeDep ROOT tinyglobby@0.2.15 OK for: sucrase@3.35.1 want: ^0.2.11
624 silly placeDep ROOT ts-interface-checker@0.1.13 OK for: sucrase@3.35.1 want: ^0.1.9
625 silly fetch manifest @jridgewell/sourcemap-codec@^1.5.0
626 silly packumentCache full:https://registry.npmjs.org/@jridgewell%2fsourcemap-codec cache-miss
627 silly fetch manifest @jridgewell/trace-mapping@^0.3.24
628 silly packumentCache full:https://registry.npmjs.org/@jridgewell%2ftrace-mapping cache-miss
629 silly fetch manifest any-promise@^1.0.0
630 silly packumentCache full:https://registry.npmjs.org/any-promise cache-miss
631 silly fetch manifest object-assign@^4.0.1
632 silly packumentCache full:https://registry.npmjs.org/object-assign cache-miss
633 silly fetch manifest thenify-all@^1.0.0
634 silly packumentCache full:https://registry.npmjs.org/thenify-all cache-miss
635 silly fetch manifest fdir@^6.5.0
636 silly packumentCache full:https://registry.npmjs.org/fdir cache-miss
637 silly fetch manifest picomatch@^4.0.3
638 silly packumentCache full:https://registry.npmjs.org/picomatch cache-hit
639 http fetch GET 200 https://registry.npmjs.org/object-assign 60ms (cache miss)
640 silly packumentCache full:https://registry.npmjs.org/object-assign set size:undefined disposed:false
641 http fetch GET 200 https://registry.npmjs.org/thenify-all 61ms (cache miss)
642 silly packumentCache full:https://registry.npmjs.org/thenify-all set size:undefined disposed:false
643 http fetch GET 200 https://registry.npmjs.org/fdir 62ms (cache miss)
644 silly packumentCache full:https://registry.npmjs.org/fdir set size:undefined disposed:false
645 http fetch GET 200 https://registry.npmjs.org/any-promise 77ms (cache miss)
646 silly packumentCache full:https://registry.npmjs.org/any-promise set size:undefined disposed:false
647 http fetch GET 200 https://registry.npmjs.org/@jridgewell%2fsourcemap-codec 87ms (cache miss)
648 silly packumentCache full:https://registry.npmjs.org/@jridgewell%2fsourcemap-codec set size:undefined disposed:false
649 http fetch GET 200 https://registry.npmjs.org/@jridgewell%2ftrace-mapping 88ms (cache miss)
650 silly packumentCache full:https://registry.npmjs.org/@jridgewell%2ftrace-mapping set size:undefined disposed:false
651 silly placeDep ROOT @jridgewell/sourcemap-codec@1.5.5 OK for: @jridgewell/gen-mapping@0.3.13 want: ^1.5.0
652 silly placeDep ROOT @jridgewell/trace-mapping@0.3.31 OK for: @jridgewell/gen-mapping@0.3.13 want: ^0.3.24
653 silly fetch manifest @jridgewell/resolve-uri@^3.1.0
654 silly packumentCache full:https://registry.npmjs.org/@jridgewell%2fresolve-uri cache-miss
655 http fetch GET 200 https://registry.npmjs.org/@jridgewell%2fresolve-uri 69ms (cache miss)
656 silly packumentCache full:https://registry.npmjs.org/@jridgewell%2fresolve-uri set size:undefined disposed:false
657 silly placeDep ROOT @jridgewell/resolve-uri@3.1.2 OK for: @jridgewell/trace-mapping@0.3.31 want: ^3.1.0
658 silly placeDep ROOT any-promise@1.3.0 OK for: mz@2.7.0 want: ^1.0.0
659 silly placeDep ROOT object-assign@4.1.1 OK for: mz@2.7.0 want: ^4.0.1
660 silly placeDep ROOT thenify-all@1.6.0 OK for: mz@2.7.0 want: ^1.0.0
661 silly fetch manifest thenify@>= 3.1.0 < 4
662 silly packumentCache full:https://registry.npmjs.org/thenify cache-miss
663 http fetch GET 200 https://registry.npmjs.org/thenify 56ms (cache miss)
664 silly packumentCache full:https://registry.npmjs.org/thenify set size:undefined disposed:false
665 silly placeDep ROOT thenify@3.3.1 OK for: thenify-all@1.6.0 want: >= 3.1.0 < 4
666 silly placeDep node_modules/tinyglobby fdir@6.5.0 OK for: tinyglobby@0.2.15 want: ^6.5.0
667 silly placeDep node_modules/tinyglobby picomatch@4.0.3 OK for: fdir@6.5.0 want: ^3 || ^4
668 silly placeDep ROOT is-number@7.0.0 OK for: to-regex-range@5.0.1 want: ^7.0.0
669 silly placeDep ROOT escalade@3.2.0 OK for: update-browserslist-db@1.2.3 want: ^3.2.0
670 silly placeDep ROOT esbuild@0.21.5 OK for: vite@5.4.21 want: ^0.21.3
671 silly placeDep ROOT rollup@4.59.0 OK for: vite@5.4.21 want: ^4.20.0
672 silly fetch manifest @esbuild/aix-ppc64@0.21.5
673 silly packumentCache full:https://registry.npmjs.org/@esbuild%2faix-ppc64 cache-miss
674 silly fetch manifest @esbuild/linux-arm@0.21.5
675 silly packumentCache full:https://registry.npmjs.org/@esbuild%2flinux-arm cache-miss
676 silly fetch manifest @esbuild/linux-x64@0.21.5
677 silly packumentCache full:https://registry.npmjs.org/@esbuild%2flinux-x64 cache-miss
678 silly fetch manifest @esbuild/sunos-x64@0.21.5
679 silly packumentCache full:https://registry.npmjs.org/@esbuild%2fsunos-x64 cache-miss
680 silly fetch manifest @esbuild/win32-x64@0.21.5
681 silly packumentCache full:https://registry.npmjs.org/@esbuild%2fwin32-x64 cache-miss
682 silly fetch manifest @esbuild/darwin-x64@0.21.5
683 silly packumentCache full:https://registry.npmjs.org/@esbuild%2fdarwin-x64 cache-miss
684 silly fetch manifest @esbuild/linux-ia32@0.21.5
685 silly packumentCache full:https://registry.npmjs.org/@esbuild%2flinux-ia32 cache-miss
686 silly fetch manifest @esbuild/netbsd-x64@0.21.5
687 silly packumentCache full:https://registry.npmjs.org/@esbuild%2fnetbsd-x64 cache-miss
688 silly fetch manifest @esbuild/win32-ia32@0.21.5
689 silly packumentCache full:https://registry.npmjs.org/@esbuild%2fwin32-ia32 cache-miss
690 silly fetch manifest @esbuild/android-arm@0.21.5
691 silly packumentCache full:https://registry.npmjs.org/@esbuild%2fandroid-arm cache-miss
692 silly fetch manifest @esbuild/android-x64@0.21.5
693 silly packumentCache full:https://registry.npmjs.org/@esbuild%2fandroid-x64 cache-miss
694 silly fetch manifest @esbuild/freebsd-x64@0.21.5
695 silly packumentCache full:https://registry.npmjs.org/@esbuild%2ffreebsd-x64 cache-miss
696 silly fetch manifest @esbuild/linux-arm64@0.21.5
697 silly packumentCache full:https://registry.npmjs.org/@esbuild%2flinux-arm64 cache-miss
698 silly fetch manifest @esbuild/linux-ppc64@0.21.5
699 silly packumentCache full:https://registry.npmjs.org/@esbuild%2flinux-ppc64 cache-miss
700 silly fetch manifest @esbuild/linux-s390x@0.21.5
701 silly packumentCache full:https://registry.npmjs.org/@esbuild%2flinux-s390x cache-miss
702 http fetch GET 200 https://registry.npmjs.org/@esbuild%2fnetbsd-x64 86ms (cache miss)
703 silly packumentCache full:https://registry.npmjs.org/@esbuild%2fnetbsd-x64 set size:undefined disposed:false
704 silly fetch manifest @esbuild/openbsd-x64@0.21.5
705 silly packumentCache full:https://registry.npmjs.org/@esbuild%2fopenbsd-x64 cache-miss
706 http fetch GET 200 https://registry.npmjs.org/@esbuild%2fwin32-x64 93ms (cache miss)
707 silly packumentCache full:https://registry.npmjs.org/@esbuild%2fwin32-x64 set size:undefined disposed:false
708 silly fetch manifest @esbuild/win32-arm64@0.21.5
709 silly packumentCache full:https://registry.npmjs.org/@esbuild%2fwin32-arm64 cache-miss
710 http fetch GET 200 https://registry.npmjs.org/@esbuild%2flinux-s390x 94ms (cache miss)
711 silly packumentCache full:https://registry.npmjs.org/@esbuild%2flinux-s390x set size:undefined disposed:false
712 silly fetch manifest @esbuild/darwin-arm64@0.21.5
713 silly packumentCache full:https://registry.npmjs.org/@esbuild%2fdarwin-arm64 cache-miss
714 http fetch GET 200 https://registry.npmjs.org/@esbuild%2flinux-ppc64 97ms (cache miss)
715 silly packumentCache full:https://registry.npmjs.org/@esbuild%2flinux-ppc64 set size:undefined disposed:false
716 silly fetch manifest @esbuild/android-arm64@0.21.5
717 silly packumentCache full:https://registry.npmjs.org/@esbuild%2fandroid-arm64 cache-miss
718 http fetch GET 200 https://registry.npmjs.org/@esbuild%2fsunos-x64 100ms (cache miss)
719 silly packumentCache full:https://registry.npmjs.org/@esbuild%2fsunos-x64 set size:undefined disposed:false
720 silly fetch manifest @esbuild/freebsd-arm64@0.21.5
721 silly packumentCache full:https://registry.npmjs.org/@esbuild%2ffreebsd-arm64 cache-miss
722 http fetch GET 200 https://registry.npmjs.org/@esbuild%2flinux-arm 103ms (cache miss)
723 silly packumentCache full:https://registry.npmjs.org/@esbuild%2flinux-arm set size:undefined disposed:false
724 silly fetch manifest @esbuild/linux-loong64@0.21.5
725 silly packumentCache full:https://registry.npmjs.org/@esbuild%2flinux-loong64 cache-miss
726 http fetch GET 200 https://registry.npmjs.org/@esbuild%2flinux-ia32 106ms (cache miss)
727 silly packumentCache full:https://registry.npmjs.org/@esbuild%2flinux-ia32 set size:undefined disposed:false
728 silly fetch manifest @esbuild/linux-riscv64@0.21.5
729 silly packumentCache full:https://registry.npmjs.org/@esbuild%2flinux-riscv64 cache-miss
730 http fetch GET 200 https://registry.npmjs.org/@esbuild%2fdarwin-x64 109ms (cache miss)
731 silly packumentCache full:https://registry.npmjs.org/@esbuild%2fdarwin-x64 set size:undefined disposed:false
732 silly fetch manifest @esbuild/linux-mips64el@0.21.5
733 silly packumentCache full:https://registry.npmjs.org/@esbuild%2flinux-mips64el cache-miss
734 http fetch GET 200 https://registry.npmjs.org/@esbuild%2flinux-arm64 109ms (cache miss)
735 silly packumentCache full:https://registry.npmjs.org/@esbuild%2flinux-arm64 set size:undefined disposed:false
736 silly fetch manifest @types/estree@1.0.8
737 silly packumentCache full:https://registry.npmjs.org/@types%2festree cache-miss
738 http fetch GET 200 https://registry.npmjs.org/@esbuild%2flinux-x64 114ms (cache miss)
739 silly packumentCache full:https://registry.npmjs.org/@esbuild%2flinux-x64 set size:undefined disposed:false
740 silly fetch manifest @rollup/rollup-darwin-arm64@4.59.0
741 silly packumentCache full:https://registry.npmjs.org/@rollup%2frollup-darwin-arm64 cache-miss
742 http fetch GET 200 https://registry.npmjs.org/@esbuild%2fandroid-x64 153ms (cache miss)
743 silly packumentCache full:https://registry.npmjs.org/@esbuild%2fandroid-x64 set size:undefined disposed:false
744 silly fetch manifest @rollup/rollup-android-arm64@4.59.0
745 silly packumentCache full:https://registry.npmjs.org/@rollup%2frollup-android-arm64 cache-miss
746 http fetch GET 200 https://registry.npmjs.org/@esbuild%2fopenbsd-x64 80ms (cache miss)
747 silly packumentCache full:https://registry.npmjs.org/@esbuild%2fopenbsd-x64 set size:undefined disposed:false
748 silly fetch manifest @rollup/rollup-win32-arm64-msvc@4.59.0
749 silly packumentCache full:https://registry.npmjs.org/@rollup%2frollup-win32-arm64-msvc cache-miss
750 http fetch GET 200 https://registry.npmjs.org/@types%2festree 71ms (cache miss)
751 silly packumentCache full:https://registry.npmjs.org/@types%2festree set size:undefined disposed:false
752 silly fetch manifest @rollup/rollup-freebsd-arm64@4.59.0
753 silly packumentCache full:https://registry.npmjs.org/@rollup%2frollup-freebsd-arm64 cache-miss
754 http fetch GET 200 https://registry.npmjs.org/@esbuild%2ffreebsd-arm64 84ms (cache miss)
755 silly packumentCache full:https://registry.npmjs.org/@esbuild%2ffreebsd-arm64 set size:undefined disposed:false
756 silly fetch manifest @rollup/rollup-linux-arm64-gnu@4.59.0
757 silly packumentCache full:https://registry.npmjs.org/@rollup%2frollup-linux-arm64-gnu cache-miss
758 http fetch GET 200 https://registry.npmjs.org/@esbuild%2fdarwin-arm64 95ms (cache miss)
759 silly packumentCache full:https://registry.npmjs.org/@esbuild%2fdarwin-arm64 set size:undefined disposed:false
760 silly fetch manifest @rollup/rollup-linux-arm64-musl@4.59.0
761 silly packumentCache full:https://registry.npmjs.org/@rollup%2frollup-linux-arm64-musl cache-miss
762 http fetch GET 200 https://registry.npmjs.org/@esbuild%2fandroid-arm64 96ms (cache miss)
763 silly packumentCache full:https://registry.npmjs.org/@esbuild%2fandroid-arm64 set size:undefined disposed:false
764 silly fetch manifest @rollup/rollup-android-arm-eabi@4.59.0
765 silly packumentCache full:https://registry.npmjs.org/@rollup%2frollup-android-arm-eabi cache-miss
766 http fetch GET 200 https://registry.npmjs.org/@esbuild%2flinux-loong64 96ms (cache miss)
767 silly packumentCache full:https://registry.npmjs.org/@esbuild%2flinux-loong64 set size:undefined disposed:false
768 silly fetch manifest @rollup/rollup-linux-arm-gnueabihf@4.59.0
769 silly packumentCache full:https://registry.npmjs.org/@rollup%2frollup-linux-arm-gnueabihf cache-miss
770 http fetch GET 200 https://registry.npmjs.org/@esbuild%2flinux-mips64el 92ms (cache miss)
771 silly packumentCache full:https://registry.npmjs.org/@esbuild%2flinux-mips64el set size:undefined disposed:false
772 silly fetch manifest @rollup/rollup-linux-arm-musleabihf@4.59.0
773 silly packumentCache full:https://registry.npmjs.org/@rollup%2frollup-linux-arm-musleabihf cache-miss
774 http fetch GET 200 https://registry.npmjs.org/@esbuild%2flinux-riscv64 98ms (cache miss)
775 silly packumentCache full:https://registry.npmjs.org/@esbuild%2flinux-riscv64 set size:undefined disposed:false
776 silly fetch manifest @rollup/rollup-win32-ia32-msvc@4.59.0
777 silly packumentCache full:https://registry.npmjs.org/@rollup%2frollup-win32-ia32-msvc cache-miss
778 http fetch GET 200 https://registry.npmjs.org/@esbuild%2fwin32-arm64 113ms (cache miss)
779 silly packumentCache full:https://registry.npmjs.org/@esbuild%2fwin32-arm64 set size:undefined disposed:false
780 silly fetch manifest @rollup/rollup-linux-loong64-gnu@4.59.0
781 silly packumentCache full:https://registry.npmjs.org/@rollup%2frollup-linux-loong64-gnu cache-miss
782 http fetch GET 200 https://registry.npmjs.org/@rollup%2frollup-darwin-arm64 96ms (cache miss)
783 silly packumentCache full:https://registry.npmjs.org/@rollup%2frollup-darwin-arm64 set size:undefined disposed:false
784 silly fetch manifest @rollup/rollup-linux-loong64-musl@4.59.0
785 silly packumentCache full:https://registry.npmjs.org/@rollup%2frollup-linux-loong64-musl cache-miss
786 http fetch GET 200 https://registry.npmjs.org/@rollup%2frollup-android-arm64 92ms (cache miss)
787 silly packumentCache full:https://registry.npmjs.org/@rollup%2frollup-android-arm64 set size:undefined disposed:false
788 silly fetch manifest @rollup/rollup-linux-riscv64-gnu@4.59.0
789 silly packumentCache full:https://registry.npmjs.org/@rollup%2frollup-linux-riscv64-gnu cache-miss
790 http fetch GET 200 https://registry.npmjs.org/@rollup%2frollup-win32-arm64-msvc 81ms (cache miss)
791 silly packumentCache full:https://registry.npmjs.org/@rollup%2frollup-win32-arm64-msvc set size:undefined disposed:false
792 silly fetch manifest @rollup/rollup-linux-riscv64-musl@4.59.0
793 silly packumentCache full:https://registry.npmjs.org/@rollup%2frollup-linux-riscv64-musl cache-miss
794 http fetch GET 200 https://registry.npmjs.org/@rollup%2frollup-freebsd-arm64 75ms (cache miss)
795 silly packumentCache full:https://registry.npmjs.org/@rollup%2frollup-freebsd-arm64 set size:undefined disposed:false
796 silly fetch manifest @rollup/rollup-linux-ppc64-gnu@4.59.0
797 silly packumentCache full:https://registry.npmjs.org/@rollup%2frollup-linux-ppc64-gnu cache-miss
798 http fetch GET 200 https://registry.npmjs.org/@rollup%2frollup-linux-arm64-musl 79ms (cache miss)
799 silly packumentCache full:https://registry.npmjs.org/@rollup%2frollup-linux-arm64-musl set size:undefined disposed:false
800 silly fetch manifest @rollup/rollup-linux-ppc64-musl@4.59.0
801 silly packumentCache full:https://registry.npmjs.org/@rollup%2frollup-linux-ppc64-musl cache-miss
802 http fetch GET 200 https://registry.npmjs.org/@rollup%2frollup-linux-loong64-gnu 74ms (cache miss)
803 silly packumentCache full:https://registry.npmjs.org/@rollup%2frollup-linux-loong64-gnu set size:undefined disposed:false
804 silly fetch manifest @rollup/rollup-linux-s390x-gnu@4.59.0
805 silly packumentCache full:https://registry.npmjs.org/@rollup%2frollup-linux-s390x-gnu cache-miss
806 http fetch GET 200 https://registry.npmjs.org/@rollup%2frollup-linux-arm-gnueabihf 85ms (cache miss)
807 silly packumentCache full:https://registry.npmjs.org/@rollup%2frollup-linux-arm-gnueabihf set size:undefined disposed:false
808 silly fetch manifest @rollup/rollup-darwin-x64@4.59.0
809 silly packumentCache full:https://registry.npmjs.org/@rollup%2frollup-darwin-x64 cache-miss
810 http fetch GET 200 https://registry.npmjs.org/@rollup%2frollup-linux-arm-musleabihf 89ms (cache miss)
811 silly packumentCache full:https://registry.npmjs.org/@rollup%2frollup-linux-arm-musleabihf set size:undefined disposed:false
812 silly fetch manifest @rollup/rollup-win32-x64-gnu@4.59.0
813 silly packumentCache full:https://registry.npmjs.org/@rollup%2frollup-win32-x64-gnu cache-miss
814 http fetch GET 200 https://registry.npmjs.org/@rollup%2frollup-win32-ia32-msvc 93ms (cache miss)
815 silly packumentCache full:https://registry.npmjs.org/@rollup%2frollup-win32-ia32-msvc set size:undefined disposed:false
816 silly fetch manifest @rollup/rollup-win32-x64-msvc@4.59.0
817 silly packumentCache full:https://registry.npmjs.org/@rollup%2frollup-win32-x64-msvc cache-miss
818 http fetch GET 200 https://registry.npmjs.org/@esbuild%2ffreebsd-x64 303ms (cache miss)
819 silly packumentCache full:https://registry.npmjs.org/@esbuild%2ffreebsd-x64 set size:undefined disposed:false
820 silly fetch manifest @rollup/rollup-freebsd-x64@4.59.0
821 silly packumentCache full:https://registry.npmjs.org/@rollup%2frollup-freebsd-x64 cache-miss
822 http fetch GET 200 https://registry.npmjs.org/@rollup%2frollup-linux-loong64-musl 95ms (cache miss)
823 silly packumentCache full:https://registry.npmjs.org/@rollup%2frollup-linux-loong64-musl set size:undefined disposed:false
824 silly fetch manifest @rollup/rollup-linux-x64-gnu@4.59.0
825 silly packumentCache full:https://registry.npmjs.org/@rollup%2frollup-linux-x64-gnu cache-miss
826 http fetch GET 200 https://registry.npmjs.org/@rollup%2frollup-linux-riscv64-musl 79ms (cache miss)
827 silly packumentCache full:https://registry.npmjs.org/@rollup%2frollup-linux-riscv64-musl set size:undefined disposed:false
828 silly fetch manifest @rollup/rollup-linux-x64-musl@4.59.0
829 silly packumentCache full:https://registry.npmjs.org/@rollup%2frollup-linux-x64-musl cache-miss
830 http fetch GET 200 https://registry.npmjs.org/@rollup%2frollup-linux-riscv64-gnu 89ms (cache miss)
831 silly packumentCache full:https://registry.npmjs.org/@rollup%2frollup-linux-riscv64-gnu set size:undefined disposed:false
832 silly fetch manifest @rollup/rollup-openbsd-x64@4.59.0
833 silly packumentCache full:https://registry.npmjs.org/@rollup%2frollup-openbsd-x64 cache-miss
834 http fetch GET 200 https://registry.npmjs.org/@rollup%2frollup-linux-ppc64-gnu 83ms (cache miss)
835 silly packumentCache full:https://registry.npmjs.org/@rollup%2frollup-linux-ppc64-gnu set size:undefined disposed:false
836 silly fetch manifest @rollup/rollup-openharmony-arm64@4.59.0
837 silly packumentCache full:https://registry.npmjs.org/@rollup%2frollup-openharmony-arm64 cache-miss
838 http fetch GET 200 https://registry.npmjs.org/@rollup%2frollup-linux-ppc64-musl 76ms (cache miss)
839 silly packumentCache full:https://registry.npmjs.org/@rollup%2frollup-linux-ppc64-musl set size:undefined disposed:false
840 http fetch GET 200 https://registry.npmjs.org/@rollup%2frollup-linux-s390x-gnu 82ms (cache miss)
841 silly packumentCache full:https://registry.npmjs.org/@rollup%2frollup-linux-s390x-gnu set size:undefined disposed:false
842 http fetch GET 200 https://registry.npmjs.org/@rollup%2frollup-win32-x64-gnu 74ms (cache miss)
843 silly packumentCache full:https://registry.npmjs.org/@rollup%2frollup-win32-x64-gnu set size:undefined disposed:false
844 http fetch GET 200 https://registry.npmjs.org/@rollup%2frollup-darwin-x64 84ms (cache miss)
845 silly packumentCache full:https://registry.npmjs.org/@rollup%2frollup-darwin-x64 set size:undefined disposed:false
846 http fetch GET 200 https://registry.npmjs.org/@rollup%2frollup-win32-x64-msvc 87ms (cache miss)
847 silly packumentCache full:https://registry.npmjs.org/@rollup%2frollup-win32-x64-msvc set size:undefined disposed:false
848 http fetch GET 200 https://registry.npmjs.org/@rollup%2frollup-freebsd-x64 88ms (cache miss)
849 silly packumentCache full:https://registry.npmjs.org/@rollup%2frollup-freebsd-x64 set size:undefined disposed:false
850 http fetch GET 200 https://registry.npmjs.org/@rollup%2frollup-linux-x64-gnu 99ms (cache miss)
851 silly packumentCache full:https://registry.npmjs.org/@rollup%2frollup-linux-x64-gnu set size:undefined disposed:false
852 http fetch GET 200 https://registry.npmjs.org/@rollup%2frollup-linux-x64-musl 81ms (cache miss)
853 silly packumentCache full:https://registry.npmjs.org/@rollup%2frollup-linux-x64-musl set size:undefined disposed:false
854 http fetch GET 200 https://registry.npmjs.org/@rollup%2frollup-openharmony-arm64 75ms (cache miss)
855 silly packumentCache full:https://registry.npmjs.org/@rollup%2frollup-openharmony-arm64 set size:undefined disposed:false
856 http fetch GET 200 https://registry.npmjs.org/@rollup%2frollup-openbsd-x64 80ms (cache miss)
857 silly packumentCache full:https://registry.npmjs.org/@rollup%2frollup-openbsd-x64 set size:undefined disposed:false
858 http fetch GET 200 https://registry.npmjs.org/@rollup%2frollup-android-arm-eabi 254ms (cache miss)
859 silly packumentCache full:https://registry.npmjs.org/@rollup%2frollup-android-arm-eabi set size:undefined disposed:false
860 http fetch GET 200 https://registry.npmjs.org/@esbuild%2faix-ppc64 611ms (cache miss)
861 silly packumentCache full:https://registry.npmjs.org/@esbuild%2faix-ppc64 set size:undefined disposed:false
862 http fetch GET 200 https://registry.npmjs.org/@esbuild%2fwin32-ia32 656ms (cache miss)
863 silly packumentCache full:https://registry.npmjs.org/@esbuild%2fwin32-ia32 set size:undefined disposed:false
864 http fetch GET 200 https://registry.npmjs.org/@rollup%2frollup-linux-arm64-gnu 751ms (cache miss)
865 silly packumentCache full:https://registry.npmjs.org/@rollup%2frollup-linux-arm64-gnu set size:undefined disposed:false
866 http fetch GET 200 https://registry.npmjs.org/@esbuild%2fandroid-arm 5484ms (cache miss)
867 silly packumentCache full:https://registry.npmjs.org/@esbuild%2fandroid-arm set size:213504 disposed:false
868 silly placeDep ROOT @esbuild/aix-ppc64@0.21.5 OK for: esbuild@0.21.5 want: 0.21.5
869 silly placeDep ROOT @esbuild/android-arm@0.21.5 OK for: esbuild@0.21.5 want: 0.21.5
870 silly placeDep ROOT @esbuild/android-arm64@0.21.5 OK for: esbuild@0.21.5 want: 0.21.5
871 silly placeDep ROOT @esbuild/android-x64@0.21.5 OK for: esbuild@0.21.5 want: 0.21.5
872 silly placeDep ROOT @esbuild/darwin-arm64@0.21.5 OK for: esbuild@0.21.5 want: 0.21.5
873 silly placeDep ROOT @esbuild/darwin-x64@0.21.5 OK for: esbuild@0.21.5 want: 0.21.5
874 silly placeDep ROOT @esbuild/freebsd-arm64@0.21.5 OK for: esbuild@0.21.5 want: 0.21.5
875 silly placeDep ROOT @esbuild/freebsd-x64@0.21.5 OK for: esbuild@0.21.5 want: 0.21.5
876 silly placeDep ROOT @esbuild/linux-arm@0.21.5 OK for: esbuild@0.21.5 want: 0.21.5
877 silly placeDep ROOT @esbuild/linux-arm64@0.21.5 OK for: esbuild@0.21.5 want: 0.21.5
878 silly placeDep ROOT @esbuild/linux-ia32@0.21.5 OK for: esbuild@0.21.5 want: 0.21.5
879 silly placeDep ROOT @esbuild/linux-loong64@0.21.5 OK for: esbuild@0.21.5 want: 0.21.5
880 silly placeDep ROOT @esbuild/linux-mips64el@0.21.5 OK for: esbuild@0.21.5 want: 0.21.5
881 silly placeDep ROOT @esbuild/linux-ppc64@0.21.5 OK for: esbuild@0.21.5 want: 0.21.5
882 silly placeDep ROOT @esbuild/linux-riscv64@0.21.5 OK for: esbuild@0.21.5 want: 0.21.5
883 silly placeDep ROOT @esbuild/linux-s390x@0.21.5 OK for: esbuild@0.21.5 want: 0.21.5
884 silly placeDep ROOT @esbuild/linux-x64@0.21.5 OK for: esbuild@0.21.5 want: 0.21.5
885 silly placeDep ROOT @esbuild/netbsd-x64@0.21.5 OK for: esbuild@0.21.5 want: 0.21.5
886 silly placeDep ROOT @esbuild/openbsd-x64@0.21.5 OK for: esbuild@0.21.5 want: 0.21.5
887 silly placeDep ROOT @esbuild/sunos-x64@0.21.5 OK for: esbuild@0.21.5 want: 0.21.5
888 silly placeDep ROOT @esbuild/win32-arm64@0.21.5 OK for: esbuild@0.21.5 want: 0.21.5
889 silly placeDep ROOT @esbuild/win32-ia32@0.21.5 OK for: esbuild@0.21.5 want: 0.21.5
890 silly placeDep ROOT @esbuild/win32-x64@0.21.5 OK for: esbuild@0.21.5 want: 0.21.5
891 silly placeDep ROOT @rollup/rollup-android-arm-eabi@4.59.0 OK for: rollup@4.59.0 want: 4.59.0
892 silly placeDep ROOT @rollup/rollup-android-arm64@4.59.0 OK for: rollup@4.59.0 want: 4.59.0
893 silly placeDep ROOT @rollup/rollup-darwin-arm64@4.59.0 OK for: rollup@4.59.0 want: 4.59.0
894 silly placeDep ROOT @rollup/rollup-darwin-x64@4.59.0 OK for: rollup@4.59.0 want: 4.59.0
895 silly placeDep ROOT @rollup/rollup-freebsd-arm64@4.59.0 OK for: rollup@4.59.0 want: 4.59.0
896 silly placeDep ROOT @rollup/rollup-freebsd-x64@4.59.0 OK for: rollup@4.59.0 want: 4.59.0
897 silly placeDep ROOT @rollup/rollup-linux-arm-gnueabihf@4.59.0 OK for: rollup@4.59.0 want: 4.59.0
898 silly placeDep ROOT @rollup/rollup-linux-arm-musleabihf@4.59.0 OK for: rollup@4.59.0 want: 4.59.0
899 silly placeDep ROOT @rollup/rollup-linux-arm64-gnu@4.59.0 OK for: rollup@4.59.0 want: 4.59.0
900 silly placeDep ROOT @rollup/rollup-linux-arm64-musl@4.59.0 OK for: rollup@4.59.0 want: 4.59.0
901 silly placeDep ROOT @rollup/rollup-linux-loong64-gnu@4.59.0 OK for: rollup@4.59.0 want: 4.59.0
902 silly placeDep ROOT @rollup/rollup-linux-loong64-musl@4.59.0 OK for: rollup@4.59.0 want: 4.59.0
903 silly placeDep ROOT @rollup/rollup-linux-ppc64-gnu@4.59.0 OK for: rollup@4.59.0 want: 4.59.0
904 silly placeDep ROOT @rollup/rollup-linux-ppc64-musl@4.59.0 OK for: rollup@4.59.0 want: 4.59.0
905 silly placeDep ROOT @rollup/rollup-linux-riscv64-gnu@4.59.0 OK for: rollup@4.59.0 want: 4.59.0
906 silly placeDep ROOT @rollup/rollup-linux-riscv64-musl@4.59.0 OK for: rollup@4.59.0 want: 4.59.0
907 silly placeDep ROOT @rollup/rollup-linux-s390x-gnu@4.59.0 OK for: rollup@4.59.0 want: 4.59.0
908 silly placeDep ROOT @rollup/rollup-linux-x64-gnu@4.59.0 OK for: rollup@4.59.0 want: 4.59.0
909 silly placeDep ROOT @rollup/rollup-linux-x64-musl@4.59.0 OK for: rollup@4.59.0 want: 4.59.0
910 silly placeDep ROOT @rollup/rollup-openbsd-x64@4.59.0 OK for: rollup@4.59.0 want: 4.59.0
911 silly placeDep ROOT @rollup/rollup-openharmony-arm64@4.59.0 OK for: rollup@4.59.0 want: 4.59.0
912 silly placeDep ROOT @rollup/rollup-win32-arm64-msvc@4.59.0 OK for: rollup@4.59.0 want: 4.59.0
913 silly placeDep ROOT @rollup/rollup-win32-ia32-msvc@4.59.0 OK for: rollup@4.59.0 want: 4.59.0
914 silly placeDep ROOT @rollup/rollup-win32-x64-gnu@4.59.0 OK for: rollup@4.59.0 want: 4.59.0
915 silly placeDep ROOT @rollup/rollup-win32-x64-msvc@4.59.0 OK for: rollup@4.59.0 want: 4.59.0
916 silly placeDep ROOT @types/estree@1.0.8 OK for: rollup@4.59.0 want: 1.0.8
917 silly reify moves {}
918 silly audit bulk request {
918 silly audit   '@tailwindcss/forms': [ '0.5.11' ],
918 silly audit   tailwindcss: [ '3.4.19' ],
918 silly audit   alpinejs: [ '3.15.8' ],
918 silly audit   autoprefixer: [ '10.4.27' ],
918 silly audit   postcss: [ '8.5.6' ],
918 silly audit   axios: [ '1.13.5' ],
918 silly audit   'laravel-vite-plugin': [ '1.3.0' ],
918 silly audit   vite: [ '5.4.21' ],
918 silly audit   'mini-svg-data-uri': [ '1.4.4' ],
918 silly audit   '@vue/reactivity': [ '3.1.5' ],
918 silly audit   '@vue/shared': [ '3.1.5' ],
918 silly audit   browserslist: [ '4.28.1' ],
918 silly audit   'caniuse-lite': [ '1.0.30001774' ],
918 silly audit   'fraction.js': [ '5.3.4' ],
918 silly audit   picocolors: [ '1.1.1' ],
918 silly audit   'postcss-value-parser': [ '4.2.0' ],
918 silly audit   'follow-redirects': [ '1.15.11' ],
918 silly audit   'form-data': [ '4.0.5' ],
918 silly audit   'proxy-from-env': [ '1.1.0' ],
918 silly audit   'baseline-browser-mapping': [ '2.10.0' ],
918 silly audit   'electron-to-chromium': [ '1.5.302' ],
918 silly audit   'node-releases': [ '2.0.27' ],
918 silly audit   'update-browserslist-db': [ '1.2.3' ],
918 silly audit   asynckit: [ '0.4.0' ],
918 silly audit   'combined-stream': [ '1.0.8' ],
918 silly audit   'es-set-tostringtag': [ '2.1.0' ],
918 silly audit   hasown: [ '2.0.2' ],
918 silly audit   'mime-types': [ '2.1.35' ],
918 silly audit   'delayed-stream': [ '1.0.0' ],
918 silly audit   'es-errors': [ '1.3.0' ],
918 silly audit   'get-intrinsic': [ '1.3.0' ],
918 silly audit   'has-tostringtag': [ '1.0.2' ],
918 silly audit   'call-bind-apply-helpers': [ '1.0.2' ],
918 silly audit   'es-define-property': [ '1.0.1' ],
918 silly audit   'es-object-atoms': [ '1.1.1' ],
918 silly audit   'function-bind': [ '1.1.2' ],
918 silly audit   'get-proto': [ '1.0.1' ],
918 silly audit   gopd: [ '1.2.0' ],
918 silly audit   'has-symbols': [ '1.1.0' ],
918 silly audit   'math-intrinsics': [ '1.1.0' ],
918 silly audit   'dunder-proto': [ '1.0.1' ],
918 silly audit   'vite-plugin-full-reload': [ '1.2.0' ],
918 silly audit   'mime-db': [ '1.52.0' ],
918 silly audit   nanoid: [ '3.3.11' ],
918 silly audit   'source-map-js': [ '1.2.1' ],
918 silly audit   '@alloc/quick-lru': [ '5.2.0' ],
918 silly audit   arg: [ '5.0.2' ],
918 silly audit   chokidar: [ '3.6.0' ],
918 silly audit   didyoumean: [ '1.2.2' ],
918 silly audit   dlv: [ '1.1.3' ],
918 silly audit   'fast-glob': [ '3.3.3' ],
918 silly audit   'glob-parent': [ '6.0.2', '5.1.2' ],
918 silly audit   'is-glob': [ '4.0.3' ],
918 silly audit   jiti: [ '1.21.7' ],
918 silly audit   lilconfig: [ '3.1.3' ],
918 silly audit   micromatch: [ '4.0.8' ],
918 silly audit   'normalize-path': [ '3.0.0' ],
918 silly audit   'object-hash': [ '3.0.0' ],
918 silly audit   'postcss-import': [ '15.1.0' ],
918 silly audit   'postcss-js': [ '4.1.0' ],
918 silly audit   'postcss-load-config': [ '6.0.1' ],
918 silly audit   'postcss-nested': [ '6.2.0' ],
918 silly audit   'postcss-selector-parser': [ '6.1.2' ],
918 silly audit   resolve: [ '1.22.11' ],
918 silly audit   sucrase: [ '3.35.1' ],
918 silly audit   anymatch: [ '3.1.3' ],
918 silly audit   braces: [ '3.0.3' ],
918 silly audit   fsevents: [ '2.3.3' ],
918 silly audit   'is-binary-path': [ '2.1.0' ],
918 silly audit   readdirp: [ '3.6.0' ],
918 silly audit   picomatch: [ '2.3.1', '4.0.3' ],
918 silly audit   'fill-range': [ '7.1.1' ],
918 silly audit   '@nodelib/fs.stat': [ '2.0.5' ],
918 silly audit   '@nodelib/fs.walk': [ '1.2.8' ],
918 silly audit   merge2: [ '1.4.1' ],
918 silly audit   '@nodelib/fs.scandir': [ '2.1.5' ],
918 silly audit   fastq: [ '1.20.1' ],
918 silly audit   'run-parallel': [ '1.2.0' ],
918 silly audit   reusify: [ '1.1.0' ],
918 silly audit   'to-regex-range': [ '5.0.1' ],
918 silly audit   'binary-extensions': [ '2.3.0' ],
918 silly audit   'is-extglob': [ '2.1.1' ],
918 silly audit   'read-cache': [ '1.0.0' ],
918 silly audit   'camelcase-css': [ '2.0.1' ],
918 silly audit   cssesc: [ '3.0.0' ],
918 silly audit   'util-deprecate': [ '1.0.2' ],
918 silly audit   pify: [ '2.3.0' ],
918 silly audit   'is-core-module': [ '2.16.1' ],
918 silly audit   'path-parse': [ '1.0.7' ],
918 silly audit   'supports-preserve-symlinks-flag': [ '1.0.0' ],
918 silly audit   'queue-microtask': [ '1.2.3' ],
918 silly audit   '@jridgewell/gen-mapping': [ '0.3.13' ],
918 silly audit   commander: [ '4.1.1' ],
918 silly audit   'lines-and-columns': [ '1.2.4' ],
918 silly audit   mz: [ '2.7.0' ],
918 silly audit   pirates: [ '4.0.7' ],
918 silly audit   tinyglobby: [ '0.2.15' ],
918 silly audit   'ts-interface-checker': [ '0.1.13' ],
918 silly audit   '@jridgewell/sourcemap-codec': [ '1.5.5' ],
918 silly audit   '@jridgewell/trace-mapping': [ '0.3.31' ],
918 silly audit   '@jridgewell/resolve-uri': [ '3.1.2' ],
918 silly audit   'any-promise': [ '1.3.0' ],
918 silly audit   'object-assign': [ '4.1.1' ],
918 silly audit   'thenify-all': [ '1.6.0' ],
918 silly audit   thenify: [ '3.3.1' ],
918 silly audit   fdir: [ '6.5.0' ],
918 silly audit   'is-number': [ '7.0.0' ],
918 silly audit   escalade: [ '3.2.0' ],
918 silly audit   esbuild: [ '0.21.5' ],
918 silly audit   rollup: [ '4.59.0' ],
918 silly audit   '@esbuild/aix-ppc64': [ '0.21.5' ],
918 silly audit   '@esbuild/android-arm': [ '0.21.5' ],
918 silly audit   '@esbuild/android-arm64': [ '0.21.5' ],
918 silly audit   '@esbuild/android-x64': [ '0.21.5' ],
918 silly audit   '@esbuild/darwin-arm64': [ '0.21.5' ],
918 silly audit   '@esbuild/darwin-x64': [ '0.21.5' ],
918 silly audit   '@esbuild/freebsd-arm64': [ '0.21.5' ],
918 silly audit   '@esbuild/freebsd-x64': [ '0.21.5' ],
918 silly audit   '@esbuild/linux-arm': [ '0.21.5' ],
918 silly audit   '@esbuild/linux-arm64': [ '0.21.5' ],
918 silly audit   '@esbuild/linux-ia32': [ '0.21.5' ],
918 silly audit   '@esbuild/linux-loong64': [ '0.21.5' ],
918 silly audit   '@esbuild/linux-mips64el': [ '0.21.5' ],
918 silly audit   '@esbuild/linux-ppc64': [ '0.21.5' ],
918 silly audit   '@esbuild/linux-riscv64': [ '0.21.5' ],
918 silly audit   '@esbuild/linux-s390x': [ '0.21.5' ],
918 silly audit   '@esbuild/linux-x64': [ '0.21.5' ],
918 silly audit   '@esbuild/netbsd-x64': [ '0.21.5' ],
918 silly audit   '@esbuild/openbsd-x64': [ '0.21.5' ],
918 silly audit   '@esbuild/sunos-x64': [ '0.21.5' ],
918 silly audit   '@esbuild/win32-arm64': [ '0.21.5' ],
918 silly audit   '@esbuild/win32-ia32': [ '0.21.5' ],
918 silly audit   '@esbuild/win32-x64': [ '0.21.5' ],
918 silly audit   '@rollup/rollup-android-arm-eabi': [ '4.59.0' ],
918 silly audit   '@rollup/rollup-android-arm64': [ '4.59.0' ],
918 silly audit   '@rollup/rollup-darwin-arm64': [ '4.59.0' ],
918 silly audit   '@rollup/rollup-darwin-x64': [ '4.59.0' ],
918 silly audit   '@rollup/rollup-freebsd-arm64': [ '4.59.0' ],
918 silly audit   '@rollup/rollup-freebsd-x64': [ '4.59.0' ],
918 silly audit   '@rollup/rollup-linux-arm-gnueabihf': [ '4.59.0' ],
918 silly audit   '@rollup/rollup-linux-arm-musleabihf': [ '4.59.0' ],
918 silly audit   '@rollup/rollup-linux-arm64-gnu': [ '4.59.0' ],
918 silly audit   '@rollup/rollup-linux-arm64-musl': [ '4.59.0' ],
918 silly audit   '@rollup/rollup-linux-loong64-gnu': [ '4.59.0' ],
918 silly audit   '@rollup/rollup-linux-loong64-musl': [ '4.59.0' ],
918 silly audit   '@rollup/rollup-linux-ppc64-gnu': [ '4.59.0' ],
918 silly audit   '@rollup/rollup-linux-ppc64-musl': [ '4.59.0' ],
918 silly audit   '@rollup/rollup-linux-riscv64-gnu': [ '4.59.0' ],
918 silly audit   '@rollup/rollup-linux-riscv64-musl': [ '4.59.0' ],
918 silly audit   '@rollup/rollup-linux-s390x-gnu': [ '4.59.0' ],
918 silly audit   '@rollup/rollup-linux-x64-gnu': [ '4.59.0' ],
918 silly audit   '@rollup/rollup-linux-x64-musl': [ '4.59.0' ],
918 silly audit   '@rollup/rollup-openbsd-x64': [ '4.59.0' ],
918 silly audit   '@rollup/rollup-openharmony-arm64': [ '4.59.0' ],
918 silly audit   '@rollup/rollup-win32-arm64-msvc': [ '4.59.0' ],
918 silly audit   '@rollup/rollup-win32-ia32-msvc': [ '4.59.0' ],
918 silly audit   '@rollup/rollup-win32-x64-gnu': [ '4.59.0' ],
918 silly audit   '@rollup/rollup-win32-x64-msvc': [ '4.59.0' ],
918 silly audit   '@types/estree': [ '1.0.8' ]
918 silly audit }
919 http cache rollup@https://registry.npmjs.org/rollup/-/rollup-4.59.0.tgz 0ms (cache hit)
920 http cache @types/estree@https://registry.npmjs.org/@types/estree/-/estree-1.0.8.tgz 0ms (cache hit)
921 http cache @rollup/rollup-win32-x64-msvc@https://registry.npmjs.org/@rollup/rollup-win32-x64-msvc/-/rollup-win32-x64-msvc-4.59.0.tgz 0ms (cache hit)
922 http cache @esbuild/win32-x64@https://registry.npmjs.org/@esbuild/win32-x64/-/win32-x64-0.21.5.tgz 0ms (cache hit)
923 http cache @rollup/rollup-win32-x64-gnu@https://registry.npmjs.org/@rollup/rollup-win32-x64-gnu/-/rollup-win32-x64-gnu-4.59.0.tgz 0ms (cache hit)
924 http cache esbuild@https://registry.npmjs.org/esbuild/-/esbuild-0.21.5.tgz 0ms (cache hit)
925 http cache thenify@https://registry.npmjs.org/thenify/-/thenify-3.3.1.tgz 0ms (cache hit)
926 http cache escalade@https://registry.npmjs.org/escalade/-/escalade-3.2.0.tgz 0ms (cache hit)
927 http cache thenify-all@https://registry.npmjs.org/thenify-all/-/thenify-all-1.6.0.tgz 0ms (cache hit)
928 http cache is-number@https://registry.npmjs.org/is-number/-/is-number-7.0.0.tgz 0ms (cache hit)
929 http cache object-assign@https://registry.npmjs.org/object-assign/-/object-assign-4.1.1.tgz 0ms (cache hit)
930 http cache any-promise@https://registry.npmjs.org/any-promise/-/any-promise-1.3.0.tgz 0ms (cache hit)
931 http cache tinyglobby@https://registry.npmjs.org/tinyglobby/-/tinyglobby-0.2.15.tgz 0ms (cache hit)
932 http cache @jridgewell/trace-mapping@https://registry.npmjs.org/@jridgewell/trace-mapping/-/trace-mapping-0.3.31.tgz 0ms (cache hit)
933 http cache @jridgewell/sourcemap-codec@https://registry.npmjs.org/@jridgewell/sourcemap-codec/-/sourcemap-codec-1.5.5.tgz 0ms (cache hit)
934 http cache @jridgewell/resolve-uri@https://registry.npmjs.org/@jridgewell/resolve-uri/-/resolve-uri-3.1.2.tgz 0ms (cache hit)
935 http cache ts-interface-checker@https://registry.npmjs.org/ts-interface-checker/-/ts-interface-checker-0.1.13.tgz 0ms (cache hit)
936 http cache pirates@https://registry.npmjs.org/pirates/-/pirates-4.0.7.tgz 0ms (cache hit)
937 http cache mz@https://registry.npmjs.org/mz/-/mz-2.7.0.tgz 0ms (cache hit)
938 http cache @jridgewell/gen-mapping@https://registry.npmjs.org/@jridgewell/gen-mapping/-/gen-mapping-0.3.13.tgz 0ms (cache hit)
939 http cache lines-and-columns@https://registry.npmjs.org/lines-and-columns/-/lines-and-columns-1.2.4.tgz 0ms (cache hit)
940 http cache commander@https://registry.npmjs.org/commander/-/commander-4.1.1.tgz 0ms (cache hit)
941 http cache queue-microtask@https://registry.npmjs.org/queue-microtask/-/queue-microtask-1.2.3.tgz 0ms (cache hit)
942 http cache supports-preserve-symlinks-flag@https://registry.npmjs.org/supports-preserve-symlinks-flag/-/supports-preserve-symlinks-flag-1.0.0.tgz 0ms (cache hit)
943 http cache path-parse@https://registry.npmjs.org/path-parse/-/path-parse-1.0.7.tgz 0ms (cache hit)
944 http cache is-core-module@https://registry.npmjs.org/is-core-module/-/is-core-module-2.16.1.tgz 0ms (cache hit)
945 http cache pify@https://registry.npmjs.org/pify/-/pify-2.3.0.tgz 0ms (cache hit)
946 http cache util-deprecate@https://registry.npmjs.org/util-deprecate/-/util-deprecate-1.0.2.tgz 0ms (cache hit)
947 http cache cssesc@https://registry.npmjs.org/cssesc/-/cssesc-3.0.0.tgz 0ms (cache hit)
948 http cache read-cache@https://registry.npmjs.org/read-cache/-/read-cache-1.0.0.tgz 0ms (cache hit)
949 http cache camelcase-css@https://registry.npmjs.org/camelcase-css/-/camelcase-css-2.0.1.tgz 0ms (cache hit)
950 http cache is-extglob@https://registry.npmjs.org/is-extglob/-/is-extglob-2.1.1.tgz 0ms (cache hit)
951 http cache binary-extensions@https://registry.npmjs.org/binary-extensions/-/binary-extensions-2.3.0.tgz 0ms (cache hit)
952 http cache to-regex-range@https://registry.npmjs.org/to-regex-range/-/to-regex-range-5.0.1.tgz 0ms (cache hit)
953 http cache run-parallel@https://registry.npmjs.org/run-parallel/-/run-parallel-1.2.0.tgz 0ms (cache hit)
954 http cache @nodelib/fs.scandir@https://registry.npmjs.org/@nodelib/fs.scandir/-/fs.scandir-2.1.5.tgz 0ms (cache hit)
955 http cache fastq@https://registry.npmjs.org/fastq/-/fastq-1.20.1.tgz 0ms (cache hit)
956 http cache reusify@https://registry.npmjs.org/reusify/-/reusify-1.1.0.tgz 0ms (cache hit)
957 http cache merge2@https://registry.npmjs.org/merge2/-/merge2-1.4.1.tgz 0ms (cache hit)
958 http cache @nodelib/fs.stat@https://registry.npmjs.org/@nodelib/fs.stat/-/fs.stat-2.0.5.tgz 0ms (cache hit)
959 http cache fill-range@https://registry.npmjs.org/fill-range/-/fill-range-7.1.1.tgz 0ms (cache hit)
960 http cache @nodelib/fs.walk@https://registry.npmjs.org/@nodelib/fs.walk/-/fs.walk-1.2.8.tgz 0ms (cache hit)
961 http cache picomatch@https://registry.npmjs.org/picomatch/-/picomatch-2.3.1.tgz 0ms (cache hit)
962 http cache readdirp@https://registry.npmjs.org/readdirp/-/readdirp-3.6.0.tgz 0ms (cache hit)
963 http cache is-binary-path@https://registry.npmjs.org/is-binary-path/-/is-binary-path-2.1.0.tgz 0ms (cache hit)
964 http cache sucrase@https://registry.npmjs.org/sucrase/-/sucrase-3.35.1.tgz 0ms (cache hit)
965 http cache braces@https://registry.npmjs.org/braces/-/braces-3.0.3.tgz 0ms (cache hit)
966 http cache anymatch@https://registry.npmjs.org/anymatch/-/anymatch-3.1.3.tgz 0ms (cache hit)
967 http cache postcss-selector-parser@https://registry.npmjs.org/postcss-selector-parser/-/postcss-selector-parser-6.1.2.tgz 0ms (cache hit)
968 http cache resolve@https://registry.npmjs.org/resolve/-/resolve-1.22.11.tgz 0ms (cache hit)
969 http cache postcss-load-config@https://registry.npmjs.org/postcss-load-config/-/postcss-load-config-6.0.1.tgz 0ms (cache hit)
970 http cache postcss-nested@https://registry.npmjs.org/postcss-nested/-/postcss-nested-6.2.0.tgz 0ms (cache hit)
971 http cache postcss-js@https://registry.npmjs.org/postcss-js/-/postcss-js-4.1.0.tgz 0ms (cache hit)
972 http cache object-hash@https://registry.npmjs.org/object-hash/-/object-hash-3.0.0.tgz 0ms (cache hit)
973 http cache postcss-import@https://registry.npmjs.org/postcss-import/-/postcss-import-15.1.0.tgz 0ms (cache hit)
974 http cache normalize-path@https://registry.npmjs.org/normalize-path/-/normalize-path-3.0.0.tgz 0ms (cache hit)
975 http cache lilconfig@https://registry.npmjs.org/lilconfig/-/lilconfig-3.1.3.tgz 0ms (cache hit)
976 http cache micromatch@https://registry.npmjs.org/micromatch/-/micromatch-4.0.8.tgz 0ms (cache hit)
977 http cache is-glob@https://registry.npmjs.org/is-glob/-/is-glob-4.0.3.tgz 0ms (cache hit)
978 http cache glob-parent@https://registry.npmjs.org/glob-parent/-/glob-parent-6.0.2.tgz 0ms (cache hit)
979 http cache fast-glob@https://registry.npmjs.org/fast-glob/-/fast-glob-3.3.3.tgz 0ms (cache hit)
980 http cache jiti@https://registry.npmjs.org/jiti/-/jiti-1.21.7.tgz 0ms (cache hit)
981 http cache dlv@https://registry.npmjs.org/dlv/-/dlv-1.1.3.tgz 0ms (cache hit)
982 http cache didyoumean@https://registry.npmjs.org/didyoumean/-/didyoumean-1.2.2.tgz 0ms (cache hit)
983 http cache chokidar@https://registry.npmjs.org/chokidar/-/chokidar-3.6.0.tgz 0ms (cache hit)
984 http cache arg@https://registry.npmjs.org/arg/-/arg-5.0.2.tgz 0ms (cache hit)
985 http cache @alloc/quick-lru@https://registry.npmjs.org/@alloc/quick-lru/-/quick-lru-5.2.0.tgz 0ms (cache hit)
986 http cache mime-db@https://registry.npmjs.org/mime-db/-/mime-db-1.52.0.tgz 0ms (cache hit)
987 http cache nanoid@https://registry.npmjs.org/nanoid/-/nanoid-3.3.11.tgz 0ms (cache hit)
988 http cache vite-plugin-full-reload@https://registry.npmjs.org/vite-plugin-full-reload/-/vite-plugin-full-reload-1.2.0.tgz 0ms (cache hit)
989 http cache source-map-js@https://registry.npmjs.org/source-map-js/-/source-map-js-1.2.1.tgz 0ms (cache hit)
990 http cache math-intrinsics@https://registry.npmjs.org/math-intrinsics/-/math-intrinsics-1.1.0.tgz 0ms (cache hit)
991 http cache dunder-proto@https://registry.npmjs.org/dunder-proto/-/dunder-proto-1.0.1.tgz 0ms (cache hit)
992 http cache has-symbols@https://registry.npmjs.org/has-symbols/-/has-symbols-1.1.0.tgz 0ms (cache hit)
993 http cache gopd@https://registry.npmjs.org/gopd/-/gopd-1.2.0.tgz 0ms (cache hit)
994 http cache get-proto@https://registry.npmjs.org/get-proto/-/get-proto-1.0.1.tgz 0ms (cache hit)
995 http cache function-bind@https://registry.npmjs.org/function-bind/-/function-bind-1.1.2.tgz 0ms (cache hit)
996 http cache es-object-atoms@https://registry.npmjs.org/es-object-atoms/-/es-object-atoms-1.1.1.tgz 0ms (cache hit)
997 http cache has-tostringtag@https://registry.npmjs.org/has-tostringtag/-/has-tostringtag-1.0.2.tgz 0ms (cache hit)
998 http cache call-bind-apply-helpers@https://registry.npmjs.org/call-bind-apply-helpers/-/call-bind-apply-helpers-1.0.2.tgz 0ms (cache hit)
999 http cache es-define-property@https://registry.npmjs.org/es-define-property/-/es-define-property-1.0.1.tgz 0ms (cache hit)
1000 http cache get-intrinsic@https://registry.npmjs.org/get-intrinsic/-/get-intrinsic-1.3.0.tgz 0ms (cache hit)
1001 http cache es-errors@https://registry.npmjs.org/es-errors/-/es-errors-1.3.0.tgz 0ms (cache hit)
1002 http cache delayed-stream@https://registry.npmjs.org/delayed-stream/-/delayed-stream-1.0.0.tgz 0ms (cache hit)
1003 http cache mime-types@https://registry.npmjs.org/mime-types/-/mime-types-2.1.35.tgz 0ms (cache hit)
1004 http cache hasown@https://registry.npmjs.org/hasown/-/hasown-2.0.2.tgz 0ms (cache hit)
1005 http cache es-set-tostringtag@https://registry.npmjs.org/es-set-tostringtag/-/es-set-tostringtag-2.1.0.tgz 0ms (cache hit)
1006 http cache combined-stream@https://registry.npmjs.org/combined-stream/-/combined-stream-1.0.8.tgz 0ms (cache hit)
1007 http cache update-browserslist-db@https://registry.npmjs.org/update-browserslist-db/-/update-browserslist-db-1.2.3.tgz 0ms (cache hit)
1008 http cache asynckit@https://registry.npmjs.org/asynckit/-/asynckit-0.4.0.tgz 0ms (cache hit)
1009 http cache node-releases@https://registry.npmjs.org/node-releases/-/node-releases-2.0.27.tgz 0ms (cache hit)
1010 http cache electron-to-chromium@https://registry.npmjs.org/electron-to-chromium/-/electron-to-chromium-1.5.302.tgz 0ms (cache hit)
1011 http cache baseline-browser-mapping@https://registry.npmjs.org/baseline-browser-mapping/-/baseline-browser-mapping-2.10.0.tgz 0ms (cache hit)
1012 http cache proxy-from-env@https://registry.npmjs.org/proxy-from-env/-/proxy-from-env-1.1.0.tgz 0ms (cache hit)
1013 http cache form-data@https://registry.npmjs.org/form-data/-/form-data-4.0.5.tgz 0ms (cache hit)
1014 http cache postcss-value-parser@https://registry.npmjs.org/postcss-value-parser/-/postcss-value-parser-4.2.0.tgz 0ms (cache hit)
1015 http cache follow-redirects@https://registry.npmjs.org/follow-redirects/-/follow-redirects-1.15.11.tgz 0ms (cache hit)
1016 http cache picocolors@https://registry.npmjs.org/picocolors/-/picocolors-1.1.1.tgz 0ms (cache hit)
1017 http cache fraction.js@https://registry.npmjs.org/fraction.js/-/fraction.js-5.3.4.tgz 0ms (cache hit)
1018 http cache browserslist@https://registry.npmjs.org/browserslist/-/browserslist-4.28.1.tgz 0ms (cache hit)
1019 http cache caniuse-lite@https://registry.npmjs.org/caniuse-lite/-/caniuse-lite-1.0.30001774.tgz 0ms (cache hit)
1020 http cache @vue/shared@https://registry.npmjs.org/@vue/shared/-/shared-3.1.5.tgz 0ms (cache hit)
1021 http cache @vue/reactivity@https://registry.npmjs.org/@vue/reactivity/-/reactivity-3.1.5.tgz 0ms (cache hit)
1022 http cache mini-svg-data-uri@https://registry.npmjs.org/mini-svg-data-uri/-/mini-svg-data-uri-1.4.4.tgz 0ms (cache hit)
1023 http cache laravel-vite-plugin@https://registry.npmjs.org/laravel-vite-plugin/-/laravel-vite-plugin-1.3.0.tgz 0ms (cache hit)
1024 http cache axios@https://registry.npmjs.org/axios/-/axios-1.13.5.tgz 0ms (cache hit)
1025 http cache vite@https://registry.npmjs.org/vite/-/vite-5.4.21.tgz 0ms (cache hit)
1026 http cache postcss@https://registry.npmjs.org/postcss/-/postcss-8.5.6.tgz 0ms (cache hit)
1027 http cache autoprefixer@https://registry.npmjs.org/autoprefixer/-/autoprefixer-10.4.27.tgz 0ms (cache hit)
1028 http cache alpinejs@https://registry.npmjs.org/alpinejs/-/alpinejs-3.15.8.tgz 0ms (cache hit)
1029 http cache @tailwindcss/forms@https://registry.npmjs.org/@tailwindcss/forms/-/forms-0.5.11.tgz 0ms (cache hit)
1030 http cache tailwindcss@https://registry.npmjs.org/tailwindcss/-/tailwindcss-3.4.19.tgz 0ms (cache hit)
1031 http cache fdir@https://registry.npmjs.org/fdir/-/fdir-6.5.0.tgz 0ms (cache hit)
1032 silly tarball no local data for rollup@https://registry.npmjs.org/rollup/-/rollup-4.59.0.tgz. Extracting by manifest.
1033 silly tarball no local data for @types/estree@https://registry.npmjs.org/@types/estree/-/estree-1.0.8.tgz. Extracting by manifest.
1034 silly tarball no local data for @rollup/rollup-win32-x64-msvc@https://registry.npmjs.org/@rollup/rollup-win32-x64-msvc/-/rollup-win32-x64-msvc-4.59.0.tgz. Extracting by manifest.
1035 http cache glob-parent@https://registry.npmjs.org/glob-parent/-/glob-parent-5.1.2.tgz 0ms (cache hit)
1036 silly tarball no local data for @esbuild/win32-x64@https://registry.npmjs.org/@esbuild/win32-x64/-/win32-x64-0.21.5.tgz. Extracting by manifest.
1037 silly tarball no local data for @rollup/rollup-win32-x64-gnu@https://registry.npmjs.org/@rollup/rollup-win32-x64-gnu/-/rollup-win32-x64-gnu-4.59.0.tgz. Extracting by manifest.
1038 silly tarball no local data for esbuild@https://registry.npmjs.org/esbuild/-/esbuild-0.21.5.tgz. Extracting by manifest.
1039 http cache picomatch@https://registry.npmjs.org/picomatch/-/picomatch-4.0.3.tgz 0ms (cache hit)
1040 silly tarball no local data for thenify@https://registry.npmjs.org/thenify/-/thenify-3.3.1.tgz. Extracting by manifest.
1041 silly tarball no local data for escalade@https://registry.npmjs.org/escalade/-/escalade-3.2.0.tgz. Extracting by manifest.
1042 http cache glob-parent@https://registry.npmjs.org/glob-parent/-/glob-parent-5.1.2.tgz 0ms (cache hit)
1043 silly tarball no local data for thenify-all@https://registry.npmjs.org/thenify-all/-/thenify-all-1.6.0.tgz. Extracting by manifest.
1044 silly tarball no local data for is-number@https://registry.npmjs.org/is-number/-/is-number-7.0.0.tgz. Extracting by manifest.
1045 silly tarball no local data for object-assign@https://registry.npmjs.org/object-assign/-/object-assign-4.1.1.tgz. Extracting by manifest.
1046 silly tarball no local data for any-promise@https://registry.npmjs.org/any-promise/-/any-promise-1.3.0.tgz. Extracting by manifest.
1047 silly tarball no local data for tinyglobby@https://registry.npmjs.org/tinyglobby/-/tinyglobby-0.2.15.tgz. Extracting by manifest.
1048 silly tarball no local data for @jridgewell/trace-mapping@https://registry.npmjs.org/@jridgewell/trace-mapping/-/trace-mapping-0.3.31.tgz. Extracting by manifest.
1049 silly tarball no local data for @jridgewell/sourcemap-codec@https://registry.npmjs.org/@jridgewell/sourcemap-codec/-/sourcemap-codec-1.5.5.tgz. Extracting by manifest.
1050 silly tarball no local data for @jridgewell/resolve-uri@https://registry.npmjs.org/@jridgewell/resolve-uri/-/resolve-uri-3.1.2.tgz. Extracting by manifest.
1051 silly tarball no local data for ts-interface-checker@https://registry.npmjs.org/ts-interface-checker/-/ts-interface-checker-0.1.13.tgz. Extracting by manifest.
1052 silly tarball no local data for pirates@https://registry.npmjs.org/pirates/-/pirates-4.0.7.tgz. Extracting by manifest.
1053 silly tarball no local data for mz@https://registry.npmjs.org/mz/-/mz-2.7.0.tgz. Extracting by manifest.
1054 silly tarball no local data for @jridgewell/gen-mapping@https://registry.npmjs.org/@jridgewell/gen-mapping/-/gen-mapping-0.3.13.tgz. Extracting by manifest.
1055 silly tarball no local data for lines-and-columns@https://registry.npmjs.org/lines-and-columns/-/lines-and-columns-1.2.4.tgz. Extracting by manifest.
1056 silly tarball no local data for commander@https://registry.npmjs.org/commander/-/commander-4.1.1.tgz. Extracting by manifest.
1057 silly tarball no local data for queue-microtask@https://registry.npmjs.org/queue-microtask/-/queue-microtask-1.2.3.tgz. Extracting by manifest.
1058 silly tarball no local data for supports-preserve-symlinks-flag@https://registry.npmjs.org/supports-preserve-symlinks-flag/-/supports-preserve-symlinks-flag-1.0.0.tgz. Extracting by manifest.
1059 silly tarball no local data for path-parse@https://registry.npmjs.org/path-parse/-/path-parse-1.0.7.tgz. Extracting by manifest.
1060 silly tarball no local data for is-core-module@https://registry.npmjs.org/is-core-module/-/is-core-module-2.16.1.tgz. Extracting by manifest.
1061 silly tarball no local data for pify@https://registry.npmjs.org/pify/-/pify-2.3.0.tgz. Extracting by manifest.
1062 silly tarball no local data for util-deprecate@https://registry.npmjs.org/util-deprecate/-/util-deprecate-1.0.2.tgz. Extracting by manifest.
1063 silly tarball no local data for cssesc@https://registry.npmjs.org/cssesc/-/cssesc-3.0.0.tgz. Extracting by manifest.
1064 silly tarball no local data for read-cache@https://registry.npmjs.org/read-cache/-/read-cache-1.0.0.tgz. Extracting by manifest.
1065 silly tarball no local data for camelcase-css@https://registry.npmjs.org/camelcase-css/-/camelcase-css-2.0.1.tgz. Extracting by manifest.
1066 silly tarball no local data for is-extglob@https://registry.npmjs.org/is-extglob/-/is-extglob-2.1.1.tgz. Extracting by manifest.
1067 silly tarball no local data for binary-extensions@https://registry.npmjs.org/binary-extensions/-/binary-extensions-2.3.0.tgz. Extracting by manifest.
1068 silly tarball no local data for to-regex-range@https://registry.npmjs.org/to-regex-range/-/to-regex-range-5.0.1.tgz. Extracting by manifest.
1069 silly tarball no local data for run-parallel@https://registry.npmjs.org/run-parallel/-/run-parallel-1.2.0.tgz. Extracting by manifest.
1070 silly tarball no local data for @nodelib/fs.scandir@https://registry.npmjs.org/@nodelib/fs.scandir/-/fs.scandir-2.1.5.tgz. Extracting by manifest.
1071 silly tarball no local data for fastq@https://registry.npmjs.org/fastq/-/fastq-1.20.1.tgz. Extracting by manifest.
1072 silly tarball no local data for reusify@https://registry.npmjs.org/reusify/-/reusify-1.1.0.tgz. Extracting by manifest.
1073 silly tarball no local data for merge2@https://registry.npmjs.org/merge2/-/merge2-1.4.1.tgz. Extracting by manifest.
1074 silly tarball no local data for @nodelib/fs.stat@https://registry.npmjs.org/@nodelib/fs.stat/-/fs.stat-2.0.5.tgz. Extracting by manifest.
1075 silly tarball no local data for fill-range@https://registry.npmjs.org/fill-range/-/fill-range-7.1.1.tgz. Extracting by manifest.
1076 silly tarball no local data for @nodelib/fs.walk@https://registry.npmjs.org/@nodelib/fs.walk/-/fs.walk-1.2.8.tgz. Extracting by manifest.
1077 silly tarball no local data for picomatch@https://registry.npmjs.org/picomatch/-/picomatch-2.3.1.tgz. Extracting by manifest.
1078 silly tarball no local data for readdirp@https://registry.npmjs.org/readdirp/-/readdirp-3.6.0.tgz. Extracting by manifest.
1079 silly tarball no local data for is-binary-path@https://registry.npmjs.org/is-binary-path/-/is-binary-path-2.1.0.tgz. Extracting by manifest.
1080 silly tarball no local data for sucrase@https://registry.npmjs.org/sucrase/-/sucrase-3.35.1.tgz. Extracting by manifest.
1081 silly tarball no local data for braces@https://registry.npmjs.org/braces/-/braces-3.0.3.tgz. Extracting by manifest.
1082 silly tarball no local data for anymatch@https://registry.npmjs.org/anymatch/-/anymatch-3.1.3.tgz. Extracting by manifest.
1083 silly tarball no local data for postcss-selector-parser@https://registry.npmjs.org/postcss-selector-parser/-/postcss-selector-parser-6.1.2.tgz. Extracting by manifest.
1084 silly tarball no local data for resolve@https://registry.npmjs.org/resolve/-/resolve-1.22.11.tgz. Extracting by manifest.
1085 silly tarball no local data for postcss-load-config@https://registry.npmjs.org/postcss-load-config/-/postcss-load-config-6.0.1.tgz. Extracting by manifest.
1086 silly tarball no local data for postcss-nested@https://registry.npmjs.org/postcss-nested/-/postcss-nested-6.2.0.tgz. Extracting by manifest.
1087 silly tarball no local data for postcss-js@https://registry.npmjs.org/postcss-js/-/postcss-js-4.1.0.tgz. Extracting by manifest.
1088 silly tarball no local data for object-hash@https://registry.npmjs.org/object-hash/-/object-hash-3.0.0.tgz. Extracting by manifest.
1089 silly tarball no local data for postcss-import@https://registry.npmjs.org/postcss-import/-/postcss-import-15.1.0.tgz. Extracting by manifest.
1090 silly tarball no local data for normalize-path@https://registry.npmjs.org/normalize-path/-/normalize-path-3.0.0.tgz. Extracting by manifest.
1091 silly tarball no local data for lilconfig@https://registry.npmjs.org/lilconfig/-/lilconfig-3.1.3.tgz. Extracting by manifest.
1092 silly tarball no local data for micromatch@https://registry.npmjs.org/micromatch/-/micromatch-4.0.8.tgz. Extracting by manifest.
1093 silly tarball no local data for is-glob@https://registry.npmjs.org/is-glob/-/is-glob-4.0.3.tgz. Extracting by manifest.
1094 silly tarball no local data for glob-parent@https://registry.npmjs.org/glob-parent/-/glob-parent-6.0.2.tgz. Extracting by manifest.
1095 silly tarball no local data for fast-glob@https://registry.npmjs.org/fast-glob/-/fast-glob-3.3.3.tgz. Extracting by manifest.
1096 silly tarball no local data for jiti@https://registry.npmjs.org/jiti/-/jiti-1.21.7.tgz. Extracting by manifest.
1097 silly tarball no local data for dlv@https://registry.npmjs.org/dlv/-/dlv-1.1.3.tgz. Extracting by manifest.
1098 silly tarball no local data for didyoumean@https://registry.npmjs.org/didyoumean/-/didyoumean-1.2.2.tgz. Extracting by manifest.
1099 silly tarball no local data for chokidar@https://registry.npmjs.org/chokidar/-/chokidar-3.6.0.tgz. Extracting by manifest.
1100 silly tarball no local data for arg@https://registry.npmjs.org/arg/-/arg-5.0.2.tgz. Extracting by manifest.
1101 silly tarball no local data for @alloc/quick-lru@https://registry.npmjs.org/@alloc/quick-lru/-/quick-lru-5.2.0.tgz. Extracting by manifest.
1102 silly tarball no local data for mime-db@https://registry.npmjs.org/mime-db/-/mime-db-1.52.0.tgz. Extracting by manifest.
1103 silly tarball no local data for nanoid@https://registry.npmjs.org/nanoid/-/nanoid-3.3.11.tgz. Extracting by manifest.
1104 silly tarball no local data for vite-plugin-full-reload@https://registry.npmjs.org/vite-plugin-full-reload/-/vite-plugin-full-reload-1.2.0.tgz. Extracting by manifest.
1105 silly tarball no local data for source-map-js@https://registry.npmjs.org/source-map-js/-/source-map-js-1.2.1.tgz. Extracting by manifest.
1106 silly tarball no local data for math-intrinsics@https://registry.npmjs.org/math-intrinsics/-/math-intrinsics-1.1.0.tgz. Extracting by manifest.
1107 silly tarball no local data for dunder-proto@https://registry.npmjs.org/dunder-proto/-/dunder-proto-1.0.1.tgz. Extracting by manifest.
1108 silly tarball no local data for has-symbols@https://registry.npmjs.org/has-symbols/-/has-symbols-1.1.0.tgz. Extracting by manifest.
1109 silly tarball no local data for gopd@https://registry.npmjs.org/gopd/-/gopd-1.2.0.tgz. Extracting by manifest.
1110 silly tarball no local data for get-proto@https://registry.npmjs.org/get-proto/-/get-proto-1.0.1.tgz. Extracting by manifest.
1111 silly tarball no local data for function-bind@https://registry.npmjs.org/function-bind/-/function-bind-1.1.2.tgz. Extracting by manifest.
1112 silly tarball no local data for es-object-atoms@https://registry.npmjs.org/es-object-atoms/-/es-object-atoms-1.1.1.tgz. Extracting by manifest.
1113 silly tarball no local data for has-tostringtag@https://registry.npmjs.org/has-tostringtag/-/has-tostringtag-1.0.2.tgz. Extracting by manifest.
1114 silly tarball no local data for call-bind-apply-helpers@https://registry.npmjs.org/call-bind-apply-helpers/-/call-bind-apply-helpers-1.0.2.tgz. Extracting by manifest.
1115 silly tarball no local data for es-define-property@https://registry.npmjs.org/es-define-property/-/es-define-property-1.0.1.tgz. Extracting by manifest.
1116 silly tarball no local data for get-intrinsic@https://registry.npmjs.org/get-intrinsic/-/get-intrinsic-1.3.0.tgz. Extracting by manifest.
1117 silly tarball no local data for es-errors@https://registry.npmjs.org/es-errors/-/es-errors-1.3.0.tgz. Extracting by manifest.
1118 silly tarball no local data for delayed-stream@https://registry.npmjs.org/delayed-stream/-/delayed-stream-1.0.0.tgz. Extracting by manifest.
1119 silly tarball no local data for mime-types@https://registry.npmjs.org/mime-types/-/mime-types-2.1.35.tgz. Extracting by manifest.
1120 silly tarball no local data for hasown@https://registry.npmjs.org/hasown/-/hasown-2.0.2.tgz. Extracting by manifest.
1121 silly tarball no local data for es-set-tostringtag@https://registry.npmjs.org/es-set-tostringtag/-/es-set-tostringtag-2.1.0.tgz. Extracting by manifest.
1122 silly tarball no local data for combined-stream@https://registry.npmjs.org/combined-stream/-/combined-stream-1.0.8.tgz. Extracting by manifest.
1123 silly tarball no local data for update-browserslist-db@https://registry.npmjs.org/update-browserslist-db/-/update-browserslist-db-1.2.3.tgz. Extracting by manifest.
1124 silly tarball no local data for asynckit@https://registry.npmjs.org/asynckit/-/asynckit-0.4.0.tgz. Extracting by manifest.
1125 silly tarball no local data for node-releases@https://registry.npmjs.org/node-releases/-/node-releases-2.0.27.tgz. Extracting by manifest.
1126 silly tarball no local data for electron-to-chromium@https://registry.npmjs.org/electron-to-chromium/-/electron-to-chromium-1.5.302.tgz. Extracting by manifest.
1127 silly tarball no local data for baseline-browser-mapping@https://registry.npmjs.org/baseline-browser-mapping/-/baseline-browser-mapping-2.10.0.tgz. Extracting by manifest.
1128 silly tarball no local data for proxy-from-env@https://registry.npmjs.org/proxy-from-env/-/proxy-from-env-1.1.0.tgz. Extracting by manifest.
1129 silly tarball no local data for form-data@https://registry.npmjs.org/form-data/-/form-data-4.0.5.tgz. Extracting by manifest.
1130 silly tarball no local data for postcss-value-parser@https://registry.npmjs.org/postcss-value-parser/-/postcss-value-parser-4.2.0.tgz. Extracting by manifest.
1131 silly tarball no local data for follow-redirects@https://registry.npmjs.org/follow-redirects/-/follow-redirects-1.15.11.tgz. Extracting by manifest.
1132 silly tarball no local data for picocolors@https://registry.npmjs.org/picocolors/-/picocolors-1.1.1.tgz. Extracting by manifest.
1133 silly tarball no local data for fraction.js@https://registry.npmjs.org/fraction.js/-/fraction.js-5.3.4.tgz. Extracting by manifest.
1134 silly tarball no local data for browserslist@https://registry.npmjs.org/browserslist/-/browserslist-4.28.1.tgz. Extracting by manifest.
1135 silly tarball no local data for caniuse-lite@https://registry.npmjs.org/caniuse-lite/-/caniuse-lite-1.0.30001774.tgz. Extracting by manifest.
1136 silly tarball no local data for @vue/shared@https://registry.npmjs.org/@vue/shared/-/shared-3.1.5.tgz. Extracting by manifest.
1137 silly tarball no local data for @vue/reactivity@https://registry.npmjs.org/@vue/reactivity/-/reactivity-3.1.5.tgz. Extracting by manifest.
1138 silly tarball no local data for mini-svg-data-uri@https://registry.npmjs.org/mini-svg-data-uri/-/mini-svg-data-uri-1.4.4.tgz. Extracting by manifest.
1139 silly tarball no local data for laravel-vite-plugin@https://registry.npmjs.org/laravel-vite-plugin/-/laravel-vite-plugin-1.3.0.tgz. Extracting by manifest.
1140 silly tarball no local data for axios@https://registry.npmjs.org/axios/-/axios-1.13.5.tgz. Extracting by manifest.
1141 silly tarball no local data for vite@https://registry.npmjs.org/vite/-/vite-5.4.21.tgz. Extracting by manifest.
1142 silly tarball no local data for postcss@https://registry.npmjs.org/postcss/-/postcss-8.5.6.tgz. Extracting by manifest.
1143 silly tarball no local data for autoprefixer@https://registry.npmjs.org/autoprefixer/-/autoprefixer-10.4.27.tgz. Extracting by manifest.
1144 silly tarball no local data for alpinejs@https://registry.npmjs.org/alpinejs/-/alpinejs-3.15.8.tgz. Extracting by manifest.
1145 silly tarball no local data for @tailwindcss/forms@https://registry.npmjs.org/@tailwindcss/forms/-/forms-0.5.11.tgz. Extracting by manifest.
1146 silly tarball no local data for tailwindcss@https://registry.npmjs.org/tailwindcss/-/tailwindcss-3.4.19.tgz. Extracting by manifest.
1147 silly tarball no local data for fdir@https://registry.npmjs.org/fdir/-/fdir-6.5.0.tgz. Extracting by manifest.
1148 silly tarball no local data for glob-parent@https://registry.npmjs.org/glob-parent/-/glob-parent-5.1.2.tgz. Extracting by manifest.
1149 silly tarball no local data for picomatch@https://registry.npmjs.org/picomatch/-/picomatch-4.0.3.tgz. Extracting by manifest.
1150 silly tarball no local data for glob-parent@https://registry.npmjs.org/glob-parent/-/glob-parent-5.1.2.tgz. Extracting by manifest.
1151 http fetch GET 200 https://registry.npmjs.org/any-promise/-/any-promise-1.3.0.tgz 115ms (cache miss)
1152 http fetch GET 200 https://registry.npmjs.org/@types/estree/-/estree-1.0.8.tgz 122ms (cache miss)
1153 http fetch GET 200 https://registry.npmjs.org/escalade/-/escalade-3.2.0.tgz 120ms (cache miss)
1154 http fetch GET 200 https://registry.npmjs.org/esbuild/-/esbuild-0.21.5.tgz 132ms (cache miss)
1155 http fetch GET 200 https://registry.npmjs.org/ts-interface-checker/-/ts-interface-checker-0.1.13.tgz 184ms (cache miss)
1156 http fetch GET 200 https://registry.npmjs.org/@jridgewell/resolve-uri/-/resolve-uri-3.1.2.tgz 193ms (cache miss)
1157 http fetch GET 200 https://registry.npmjs.org/thenify-all/-/thenify-all-1.6.0.tgz 224ms (cache miss)
1158 http fetch GET 200 https://registry.npmjs.org/tinyglobby/-/tinyglobby-0.2.15.tgz 225ms (cache miss)
1159 http fetch POST 200 https://registry.npmjs.org/-/npm/v1/security/advisories/bulk 281ms
1160 silly audit report {
1160 silly audit report   esbuild: [
1160 silly audit report     {
1160 silly audit report       id: 1102341,
1160 silly audit report       url: 'https://github.com/advisories/GHSA-67mh-4wv8-2f99',
1160 silly audit report       title: 'esbuild enables any website to send any requests to the development server and read the response',
1160 silly audit report       severity: 'moderate',
1160 silly audit report       vulnerable_versions: '<=0.24.2',
1160 silly audit report       cwe: [Array],
1160 silly audit report       cvss: [Object]
1160 silly audit report     }
1160 silly audit report   ]
1160 silly audit report }
1161 silly packumentCache corgi:https://registry.npmjs.org/esbuild cache-miss
1162 http fetch GET 200 https://registry.npmjs.org/object-assign/-/object-assign-4.1.1.tgz 249ms (cache miss)
1163 http fetch GET 200 https://registry.npmjs.org/mz/-/mz-2.7.0.tgz 247ms (cache miss)
1164 http fetch GET 200 https://registry.npmjs.org/thenify/-/thenify-3.3.1.tgz 260ms (cache miss)
1165 http fetch GET 200 https://registry.npmjs.org/lines-and-columns/-/lines-and-columns-1.2.4.tgz 258ms (cache miss)
1166 http fetch GET 200 https://registry.npmjs.org/queue-microtask/-/queue-microtask-1.2.3.tgz 269ms (cache miss)
1167 http fetch GET 200 https://registry.npmjs.org/commander/-/commander-4.1.1.tgz 275ms (cache miss)
1168 http fetch GET 200 https://registry.npmjs.org/supports-preserve-symlinks-flag/-/supports-preserve-symlinks-flag-1.0.0.tgz 275ms (cache miss)
1169 http fetch GET 200 https://registry.npmjs.org/path-parse/-/path-parse-1.0.7.tgz 285ms (cache miss)
1170 http fetch GET 200 https://registry.npmjs.org/pify/-/pify-2.3.0.tgz 299ms (cache miss)
1171 http fetch GET 200 https://registry.npmjs.org/is-core-module/-/is-core-module-2.16.1.tgz 305ms (cache miss)
1172 http fetch GET 200 https://registry.npmjs.org/read-cache/-/read-cache-1.0.0.tgz 305ms (cache miss)
1173 http fetch GET 200 https://registry.npmjs.org/camelcase-css/-/camelcase-css-2.0.1.tgz 320ms (cache miss)
1174 http fetch GET 200 https://registry.npmjs.org/cssesc/-/cssesc-3.0.0.tgz 321ms (cache miss)
1175 http fetch GET 200 https://registry.npmjs.org/util-deprecate/-/util-deprecate-1.0.2.tgz 323ms (cache miss)
1176 http fetch GET 200 https://registry.npmjs.org/is-extglob/-/is-extglob-2.1.1.tgz 335ms (cache miss)
1177 http fetch GET 200 https://registry.npmjs.org/binary-extensions/-/binary-extensions-2.3.0.tgz 339ms (cache miss)
1178 http fetch GET 200 https://registry.npmjs.org/pirates/-/pirates-4.0.7.tgz 350ms (cache miss)
1179 http fetch GET 200 https://registry.npmjs.org/run-parallel/-/run-parallel-1.2.0.tgz 349ms (cache miss)
1180 http fetch GET 200 https://registry.npmjs.org/to-regex-range/-/to-regex-range-5.0.1.tgz 351ms (cache miss)
1181 http fetch GET 200 https://registry.npmjs.org/reusify/-/reusify-1.1.0.tgz 351ms (cache miss)
1182 http fetch GET 200 https://registry.npmjs.org/@jridgewell/sourcemap-codec/-/sourcemap-codec-1.5.5.tgz 366ms (cache miss)
1183 http fetch GET 200 https://registry.npmjs.org/fastq/-/fastq-1.20.1.tgz 362ms (cache miss)
1184 http fetch GET 200 https://registry.npmjs.org/merge2/-/merge2-1.4.1.tgz 363ms (cache miss)
1185 http fetch GET 200 https://registry.npmjs.org/@nodelib/fs.scandir/-/fs.scandir-2.1.5.tgz 364ms (cache miss)
1186 http fetch GET 200 https://registry.npmjs.org/fill-range/-/fill-range-7.1.1.tgz 367ms (cache miss)
1187 http fetch GET 200 https://registry.npmjs.org/is-number/-/is-number-7.0.0.tgz 384ms (cache miss)
1188 http fetch GET 200 https://registry.npmjs.org/readdirp/-/readdirp-3.6.0.tgz 402ms (cache miss)
1189 http fetch GET 200 https://registry.npmjs.org/is-binary-path/-/is-binary-path-2.1.0.tgz 408ms (cache miss)
1190 http fetch GET 200 https://registry.npmjs.org/anymatch/-/anymatch-3.1.3.tgz 411ms (cache miss)
1191 http fetch GET 200 https://registry.npmjs.org/@nodelib/fs.walk/-/fs.walk-1.2.8.tgz 424ms (cache miss)
1192 http fetch GET 200 https://registry.npmjs.org/postcss-js/-/postcss-js-4.1.0.tgz 432ms (cache miss)
1193 http fetch GET 200 https://registry.npmjs.org/postcss-nested/-/postcss-nested-6.2.0.tgz 439ms (cache miss)
1194 http fetch GET 200 https://registry.npmjs.org/@nodelib/fs.stat/-/fs.stat-2.0.5.tgz 447ms (cache miss)
1195 http fetch GET 200 https://registry.npmjs.org/postcss-import/-/postcss-import-15.1.0.tgz 455ms (cache miss)
1196 http fetch GET 200 https://registry.npmjs.org/lilconfig/-/lilconfig-3.1.3.tgz 464ms (cache miss)
1197 http fetch GET 200 https://registry.npmjs.org/normalize-path/-/normalize-path-3.0.0.tgz 465ms (cache miss)
1198 http fetch GET 200 https://registry.npmjs.org/object-hash/-/object-hash-3.0.0.tgz 467ms (cache miss)
1199 http fetch GET 200 https://registry.npmjs.org/@rollup/rollup-win32-x64-gnu/-/rollup-win32-x64-gnu-4.59.0.tgz 484ms (cache miss)
1200 http fetch GET 200 https://registry.npmjs.org/is-glob/-/is-glob-4.0.3.tgz 468ms (cache miss)
1201 http fetch GET 200 https://registry.npmjs.org/micromatch/-/micromatch-4.0.8.tgz 469ms (cache miss)
1202 http fetch GET 200 https://registry.npmjs.org/braces/-/braces-3.0.3.tgz 475ms (cache miss)
1203 http fetch GET 200 https://registry.npmjs.org/picomatch/-/picomatch-2.3.1.tgz 480ms (cache miss)
1204 http fetch GET 200 https://registry.npmjs.org/dlv/-/dlv-1.1.3.tgz 479ms (cache miss)
1205 http fetch GET 200 https://registry.npmjs.org/postcss-load-config/-/postcss-load-config-6.0.1.tgz 484ms (cache miss)
1206 http fetch GET 200 https://registry.npmjs.org/glob-parent/-/glob-parent-6.0.2.tgz 484ms (cache miss)
1207 http fetch GET 200 https://registry.npmjs.org/arg/-/arg-5.0.2.tgz 486ms (cache miss)
1208 http fetch GET 200 https://registry.npmjs.org/didyoumean/-/didyoumean-1.2.2.tgz 487ms (cache miss)
1209 http fetch GET 200 https://registry.npmjs.org/@jridgewell/gen-mapping/-/gen-mapping-0.3.13.tgz 531ms (cache miss)
1210 http fetch GET 200 https://registry.npmjs.org/rollup/-/rollup-4.59.0.tgz 540ms (cache miss)
1211 http fetch GET 200 https://registry.npmjs.org/vite-plugin-full-reload/-/vite-plugin-full-reload-1.2.0.tgz 523ms (cache miss)
1212 http fetch GET 200 https://registry.npmjs.org/math-intrinsics/-/math-intrinsics-1.1.0.tgz 658ms (cache miss)
1213 http fetch GET 200 https://registry.npmjs.org/nanoid/-/nanoid-3.3.11.tgz 675ms (cache miss)
1214 http fetch GET 200 https://registry.npmjs.org/dunder-proto/-/dunder-proto-1.0.1.tgz 681ms (cache miss)
1215 http fetch GET 200 https://registry.npmjs.org/has-symbols/-/has-symbols-1.1.0.tgz 688ms (cache miss)
1216 http fetch GET 200 https://registry.npmjs.org/@alloc/quick-lru/-/quick-lru-5.2.0.tgz 698ms (cache miss)
1217 http fetch GET 200 https://registry.npmjs.org/gopd/-/gopd-1.2.0.tgz 706ms (cache miss)
1218 http fetch GET 200 https://registry.npmjs.org/@rollup/rollup-win32-x64-msvc/-/rollup-win32-x64-msvc-4.59.0.tgz 732ms (cache miss)
1219 http fetch GET 200 https://registry.npmjs.org/has-tostringtag/-/has-tostringtag-1.0.2.tgz 711ms (cache miss)
1220 http fetch GET 200 https://registry.npmjs.org/get-proto/-/get-proto-1.0.1.tgz 719ms (cache miss)
1221 http fetch GET 200 https://registry.npmjs.org/es-object-atoms/-/es-object-atoms-1.1.1.tgz 730ms (cache miss)
1222 http fetch GET 200 https://registry.npmjs.org/chokidar/-/chokidar-3.6.0.tgz 735ms (cache miss)
1223 http fetch GET 200 https://registry.npmjs.org/es-errors/-/es-errors-1.3.0.tgz 732ms (cache miss)
1224 http fetch GET 200 https://registry.npmjs.org/mime-types/-/mime-types-2.1.35.tgz 732ms (cache miss)
1225 http fetch GET 200 https://registry.npmjs.org/call-bind-apply-helpers/-/call-bind-apply-helpers-1.0.2.tgz 734ms (cache miss)
1226 http fetch GET 200 https://registry.npmjs.org/node-releases/-/node-releases-2.0.27.tgz 731ms (cache miss)
1227 http fetch GET 200 https://registry.npmjs.org/proxy-from-env/-/proxy-from-env-1.1.0.tgz 732ms (cache miss)
1228 http fetch GET 200 https://registry.npmjs.org/postcss-value-parser/-/postcss-value-parser-4.2.0.tgz 732ms (cache miss)
1229 http fetch GET 200 https://registry.npmjs.org/picocolors/-/picocolors-1.1.1.tgz 732ms (cache miss)
1230 http fetch GET 200 https://registry.npmjs.org/follow-redirects/-/follow-redirects-1.15.11.tgz 737ms (cache miss)
1231 http fetch GET 200 https://registry.npmjs.org/delayed-stream/-/delayed-stream-1.0.0.tgz 744ms (cache miss)
1232 http fetch GET 200 https://registry.npmjs.org/es-set-tostringtag/-/es-set-tostringtag-2.1.0.tgz 743ms (cache miss)
1233 http fetch GET 200 https://registry.npmjs.org/hasown/-/hasown-2.0.2.tgz 744ms (cache miss)
1234 http fetch GET 200 https://registry.npmjs.org/mini-svg-data-uri/-/mini-svg-data-uri-1.4.4.tgz 741ms (cache miss)
1235 http fetch GET 200 https://registry.npmjs.org/get-intrinsic/-/get-intrinsic-1.3.0.tgz 753ms (cache miss)
1236 http fetch GET 200 https://registry.npmjs.org/glob-parent/-/glob-parent-5.1.2.tgz 742ms (cache miss)
1237 http fetch GET 200 https://registry.npmjs.org/asynckit/-/asynckit-0.4.0.tgz 751ms (cache miss)
1238 http fetch GET 200 https://registry.npmjs.org/fdir/-/fdir-6.5.0.tgz 749ms (cache miss)
1239 http fetch GET 200 https://registry.npmjs.org/combined-stream/-/combined-stream-1.0.8.tgz 758ms (cache miss)
1240 http fetch GET 200 https://registry.npmjs.org/glob-parent/-/glob-parent-5.1.2.tgz 749ms (cache miss)
1241 http fetch GET 200 https://registry.npmjs.org/mime-db/-/mime-db-1.52.0.tgz 787ms (cache miss)
1242 http fetch GET 200 https://registry.npmjs.org/update-browserslist-db/-/update-browserslist-db-1.2.3.tgz 780ms (cache miss)
1243 http fetch GET 200 https://registry.npmjs.org/form-data/-/form-data-4.0.5.tgz 799ms (cache miss)
1244 http fetch GET 200 https://registry.npmjs.org/@jridgewell/trace-mapping/-/trace-mapping-0.3.31.tgz 833ms (cache miss)
1245 http fetch GET 200 https://registry.npmjs.org/es-define-property/-/es-define-property-1.0.1.tgz 814ms (cache miss)
1246 http fetch GET 200 https://registry.npmjs.org/laravel-vite-plugin/-/laravel-vite-plugin-1.3.0.tgz 809ms (cache miss)
1247 http fetch GET 200 https://registry.npmjs.org/browserslist/-/browserslist-4.28.1.tgz 813ms (cache miss)
1248 http fetch GET 200 https://registry.npmjs.org/function-bind/-/function-bind-1.1.2.tgz 825ms (cache miss)
1249 http fetch GET 200 https://registry.npmjs.org/baseline-browser-mapping/-/baseline-browser-mapping-2.10.0.tgz 828ms (cache miss)
1250 http fetch GET 200 https://registry.npmjs.org/picomatch/-/picomatch-4.0.3.tgz 826ms (cache miss)
1251 http fetch GET 200 https://registry.npmjs.org/electron-to-chromium/-/electron-to-chromium-1.5.302.tgz 838ms (cache miss)
1252 http fetch GET 200 https://registry.npmjs.org/@vue/reactivity/-/reactivity-3.1.5.tgz 856ms (cache miss)
1253 http fetch GET 200 https://registry.npmjs.org/@vue/shared/-/shared-3.1.5.tgz 859ms (cache miss)
1254 http fetch GET 200 https://registry.npmjs.org/esbuild 652ms (cache miss)
1255 silly packumentCache corgi:https://registry.npmjs.org/esbuild set size:undefined disposed:false
1256 http fetch GET 200 https://registry.npmjs.org/source-map-js/-/source-map-js-1.2.1.tgz 888ms (cache miss)
1257 silly packumentCache corgi:https://registry.npmjs.org/vite cache-miss
1258 http fetch GET 200 https://registry.npmjs.org/fraction.js/-/fraction.js-5.3.4.tgz 905ms (cache miss)
1259 http fetch GET 200 https://registry.npmjs.org/jiti/-/jiti-1.21.7.tgz 944ms (cache miss)
1260 http fetch GET 200 https://registry.npmjs.org/postcss-selector-parser/-/postcss-selector-parser-6.1.2.tgz 960ms (cache miss)
1261 http fetch GET 200 https://registry.npmjs.org/@esbuild/win32-x64/-/win32-x64-0.21.5.tgz 1033ms (cache miss)
1262 http fetch GET 200 https://registry.npmjs.org/postcss/-/postcss-8.5.6.tgz 1013ms (cache miss)
1263 http fetch GET 200 https://registry.npmjs.org/vite 137ms (cache miss)
1264 silly packumentCache corgi:https://registry.npmjs.org/vite set size:undefined disposed:false
1265 http fetch GET 200 https://registry.npmjs.org/fast-glob/-/fast-glob-3.3.3.tgz 1120ms (cache miss)
1266 silly packumentCache corgi:https://registry.npmjs.org/laravel-vite-plugin cache-miss
1267 http fetch GET 200 https://registry.npmjs.org/vite/-/vite-5.4.21.tgz 1133ms (cache miss)
1268 http fetch GET 200 https://registry.npmjs.org/alpinejs/-/alpinejs-3.15.8.tgz 1150ms (cache miss)
1269 http fetch GET 200 https://registry.npmjs.org/autoprefixer/-/autoprefixer-10.4.27.tgz 1174ms (cache miss)
1270 http fetch GET 200 https://registry.npmjs.org/resolve/-/resolve-1.22.11.tgz 1214ms (cache miss)
1271 http fetch GET 200 https://registry.npmjs.org/laravel-vite-plugin 87ms (cache miss)
1272 silly packumentCache corgi:https://registry.npmjs.org/laravel-vite-plugin set size:undefined disposed:false
1273 http fetch GET 200 https://registry.npmjs.org/axios/-/axios-1.13.5.tgz 1266ms (cache miss)
1274 http fetch GET 200 https://registry.npmjs.org/sucrase/-/sucrase-3.35.1.tgz 1413ms (cache miss)
1275 http fetch GET 200 https://registry.npmjs.org/tailwindcss/-/tailwindcss-3.4.19.tgz 1452ms (cache miss)
1276 http fetch GET 200 https://registry.npmjs.org/@tailwindcss/forms/-/forms-0.5.11.tgz 1512ms (cache miss)
1277 http fetch GET 200 https://registry.npmjs.org/caniuse-lite/-/caniuse-lite-1.0.30001774.tgz 2117ms (cache miss)
1278 info run esbuild@0.21.5 postinstall node_modules/esbuild node install.js
1279 info run esbuild@0.21.5 postinstall { code: 'EPERM', signal: undefined }
1280 warn cleanup Failed to remove some directories [
1280 warn cleanup   [
1280 warn cleanup     '\\\\?\\C:\\Users\\Admin\\Project-Coder\\e-stimate\\node_modules\\resolve',
1280 warn cleanup     [Error: EPERM: operation not permitted, rmdir 'C:\Users\Admin\Project-Coder\e-stimate\node_modules\resolve\test\resolver\symlinked'] {
1280 warn cleanup       errno: -4048,
1280 warn cleanup       code: 'EPERM',
1280 warn cleanup       syscall: 'rmdir',
1280 warn cleanup       path: 'C:\\Users\\Admin\\Project-Coder\\e-stimate\\node_modules\\resolve\\test\\resolver\\symlinked'
1280 warn cleanup     }
1280 warn cleanup   ],
1280 warn cleanup   [
1280 warn cleanup     '\\\\?\\C:\\Users\\Admin\\Project-Coder\\e-stimate\\node_modules',
1280 warn cleanup     [Error: EPERM: operation not permitted, rmdir 'C:\Users\Admin\Project-Coder\e-stimate\node_modules\sucrase\dist\esm'] {
1280 warn cleanup       errno: -4048,
1280 warn cleanup       code: 'EPERM',
1280 warn cleanup       syscall: 'rmdir',
1280 warn cleanup       path: 'C:\\Users\\Admin\\Project-Coder\\e-stimate\\node_modules\\sucrase\\dist\\esm'
1280 warn cleanup     }
1280 warn cleanup   ]
1280 warn cleanup ]
1281 verbose stack Error: spawn EPERM
1281 verbose stack     at ChildProcess.spawn (node:internal/child_process:421:11)
1281 verbose stack     at spawn (node:child_process:796:9)
1281 verbose stack     at promiseSpawn (C:\Program Files\nodejs\node_modules\npm\node_modules\@npmcli\promise-spawn\lib\index.js:39:16)
1281 verbose stack     at spawnWithShell (C:\Program Files\nodejs\node_modules\npm\node_modules\@npmcli\promise-spawn\lib\index.js:124:10)
1281 verbose stack     at promiseSpawn (C:\Program Files\nodejs\node_modules\npm\node_modules\@npmcli\promise-spawn\lib\index.js:12:12)
1281 verbose stack     at runScriptPkg (C:\Program Files\nodejs\node_modules\npm\node_modules\@npmcli\run-script\lib\run-script-pkg.js:79:13)
1281 verbose stack     at runScript (C:\Program Files\nodejs\node_modules\npm\node_modules\@npmcli\run-script\lib\run-script.js:9:12)
1281 verbose stack     at C:\Program Files\nodejs\node_modules\npm\node_modules\@npmcli\arborist\lib\arborist\rebuild.js:332:17
1281 verbose stack     at run (C:\Program Files\nodejs\node_modules\npm\node_modules\promise-call-limit\dist\commonjs\index.js:67:22)
1281 verbose stack     at C:\Program Files\nodejs\node_modules\npm\node_modules\promise-call-limit\dist\commonjs\index.js:84:9
1282 error code EPERM
1283 error syscall spawn
1284 error errno -4048
1285 error Error: spawn EPERM
1285 error     at ChildProcess.spawn (node:internal/child_process:421:11)
1285 error     at spawn (node:child_process:796:9)
1285 error     at promiseSpawn (C:\Program Files\nodejs\node_modules\npm\node_modules\@npmcli\promise-spawn\lib\index.js:39:16)
1285 error     at spawnWithShell (C:\Program Files\nodejs\node_modules\npm\node_modules\@npmcli\promise-spawn\lib\index.js:124:10)
1285 error     at promiseSpawn (C:\Program Files\nodejs\node_modules\npm\node_modules\@npmcli\promise-spawn\lib\index.js:12:12)
1285 error     at runScriptPkg (C:\Program Files\nodejs\node_modules\npm\node_modules\@npmcli\run-script\lib\run-script-pkg.js:79:13)
1285 error     at runScript (C:\Program Files\nodejs\node_modules\npm\node_modules\@npmcli\run-script\lib\run-script.js:9:12)
1285 error     at C:\Program Files\nodejs\node_modules\npm\node_modules\@npmcli\arborist\lib\arborist\rebuild.js:332:17
1285 error     at run (C:\Program Files\nodejs\node_modules\npm\node_modules\promise-call-limit\dist\commonjs\index.js:67:22)
1285 error     at C:\Program Files\nodejs\node_modules\npm\node_modules\promise-call-limit\dist\commonjs\index.js:84:9 {
1285 error   errno: -4048,
1285 error   code: 'EPERM',
1285 error   syscall: 'spawn'
1285 error }
1286 error
1286 error The operation was rejected by your operating system.
1286 error It's possible that the file was already in use (by a text editor or antivirus),
1286 error or that you lack permissions to access it.
1286 error
1286 error If you believe this might be a permissions issue, please double-check the
1286 error permissions of the file and its containing directories, or try running
1286 error the command again as root/Administrator.
1287 silly unfinished npm timer reify 1772202348974
1288 silly unfinished npm timer reify:build 1772202362747
1289 silly unfinished npm timer build 1772202362747
1290 silly unfinished npm timer build:deps 1772202362748
1291 silly unfinished npm timer build:run:postinstall 1772202362774
1292 silly unfinished npm timer build:run:postinstall:node_modules/esbuild 1772202362774
1293 verbose cwd C:\Users\Admin\Project-Coder\e-stimate
1294 verbose os Windows_NT 10.0.26200
1295 verbose node v24.13.0
1296 verbose npm  v11.6.2
1297 notice
1297 notice New minor version of npm available! 11.6.2 -> 11.11.0
1297 notice Changelog: https://github.com/npm/cli/releases/tag/v11.11.0
1297 notice To update run: npm install -g npm@11.11.0
1297 notice  { force: true, Symbol(proc-log.meta): true }
1298 verbose exit -4048
1299 verbose code -4048
1300 error A complete log of this run can be found in: c:\Users\Admin\Project-Coder\e-stimate\.npm-cache\_logs\2026-02-27T14_25_48_640Z-debug-0.log
